Order ID;Item ID;Product ID;Product code;Price;Quantity;Extra
"113";"2244052839";"248";"BRO120182157";"189.00";"1";"{""product_options"":{""22"":""82"",""23"":""83""},""unlimited_download"":""N"",""product"":""BROOKS W Ravenna 6 D width"",""company_id"":""1"",""is_edp"":""N"",""edp_shipping"":""N"",""discount"":""0"",""base_price"":""189"",""stored_price"":""N"",""product_options_value"":[{""option_id"":""22"",""product_id"":""248"",""company_id"":""1"",""option_type"":""S"",""inventory"":""Y"",""regexp"":"""",""required"":""N"",""multiupload"":""N"",""allowed_extensions"":"""",""max_file_size"":""0"",""missing_variants_handling"":""M"",""status"":""A"",""position"":""10"",""value"":""82"",""option_name"":""International"",""option_text"":"""",""description"":"""",""inner_hint"":"""",""incorrect_message"":"""",""modifier"":""0.000"",""modifier_type"":""A"",""variant_name"":""US""},{""option_id"":""23"",""product_id"":""248"",""company_id"":""1"",""option_type"":""S"",""inventory"":""Y"",""regexp"":"""",""required"":""N"",""multiupload"":""N"",""allowed_extensions"":"""",""max_file_size"":""0"",""missing_variants_handling"":""M"",""status"":""A"",""position"":""10"",""value"":""83"",""option_name"":""Shoes size"",""option_text"":"""",""description"":"""",""inner_hint"":"""",""incorrect_message"":"""",""modifier"":""0.000"",""modifier_type"":""A"",""variant_name"":""6""}]}"
"114";"2375513675";"247";"BRO120182657";"189.00";"1";"{""product_options"":{""20"":""71"",""21"":""75""},""unlimited_download"":""N"",""product"":""BROOKS W Ravenna 6 D width"",""company_id"":""1"",""is_edp"":""N"",""edp_shipping"":""N"",""discount"":""0"",""base_price"":""189"",""stored_price"":""N"",""product_options_value"":[{""option_id"":""20"",""product_id"":""247"",""company_id"":""1"",""option_type"":""S"",""inventory"":""Y"",""regexp"":"""",""required"":""N"",""multiupload"":""N"",""allowed_extensions"":"""",""max_file_size"":""0"",""missing_variants_handling"":""M"",""status"":""A"",""position"":""10"",""value"":""71"",""option_name"":""International"",""option_text"":"""",""description"":"""",""inner_hint"":"""",""incorrect_message"":"""",""modifier"":""0.000"",""modifier_type"":""A"",""variant_name"":""US""},{""option_id"":""21"",""product_id"":""247"",""company_id"":""1"",""option_type"":""S"",""inventory"":""Y"",""regexp"":"""",""required"":""N"",""multiupload"":""N"",""allowed_extensions"":"""",""max_file_size"":""0"",""missing_variants_handling"":""M"",""status"":""A"",""position"":""10"",""value"":""75"",""option_name"":""Shoes size"",""option_text"":"""",""description"":"""",""inner_hint"":"""",""incorrect_message"":"""",""modifier"":""0.000"",""modifier_type"":""A"",""variant_name"":""6""}]}"
"115";"231190056";"78";"L0078RO9Y9";"100.00";"1";"{""product_options"":{""17"":""58"",""2"":""10"",""19"":""""},""unlimited_download"":""N"",""points_info"":{""raw_price"":""5000"",""price"":""5000"",""display_price"":""5000""},""product"":""adizero Rush Shoes"",""company_id"":""1"",""is_edp"":""N"",""edp_shipping"":""N"",""discount"":""0"",""base_price"":""100"",""stored_price"":""N"",""product_options_value"":[{""option_id"":""17"",""product_id"":""78"",""company_id"":""1"",""option_type"":""S"",""inventory"":""Y"",""regexp"":"""",""required"":""Y"",""multiupload"":""N"",""allowed_extensions"":"""",""max_file_size"":""0"",""missing_variants_handling"":""M"",""status"":""A"",""position"":""10"",""value"":""58"",""option_name"":""International"",""option_text"":"""",""description"":"""",""inner_hint"":"""",""incorrect_message"":"""",""modifier"":""0.000"",""modifier_type"":""A"",""variant_name"":""US""},{""option_id"":""2"",""product_id"":""0"",""company_id"":""1"",""option_type"":""S"",""inventory"":""Y"",""regexp"":"""",""required"":""Y"",""multiupload"":""N"",""allowed_extensions"":"""",""max_file_size"":""0"",""missing_variants_handling"":""M"",""status"":""A"",""position"":""20"",""value"":""10"",""option_name"":""Apparel size"",""option_text"":""Size"",""description"":"""",""inner_hint"":"""",""incorrect_message"":"""",""modifier"":""0.000"",""modifier_type"":""A"",""variant_name"":""Medium""},{""option_id"":""19"",""product_id"":""78"",""company_id"":""1"",""option_type"":""S"",""inventory"":""Y"",""regexp"":"""",""required"":""N"",""multiupload"":""N"",""allowed_extensions"":"""",""max_file_size"":""0"",""missing_variants_handling"":""M"",""status"":""A"",""position"":""20"",""value"":"""",""option_name"":""Adidas Shoe Colour"",""option_text"":"""",""description"":"""",""inner_hint"":"""",""incorrect_message"":"""",""variant_name"":""""}]}"
"115";"1889509032";"80";"M0080Z1B49";"55.00";"1";"{""product_options"":[],""unlimited_download"":""N"",""points_info"":{""raw_price"":""2750"",""price"":""2750"",""display_price"":""2750""},""product"":""Nike Tenkay Slip TXTL Women's Shoe"",""company_id"":""1"",""is_edp"":""N"",""edp_shipping"":""N"",""discount"":""0"",""base_price"":""55"",""stored_price"":""N""}"
"115";"1521215566";"109";"C01099FRFC";"140.00";"1";"{""product_options"":[],""unlimited_download"":""N"",""points_info"":{""raw_price"":""7000"",""price"":""7000"",""display_price"":""7000""},""product"":""Montblanc Contemporary Collection Key Ring with Montblanc emblem"",""company_id"":""1"",""is_edp"":""N"",""edp_shipping"":""N"",""discount"":""0"",""base_price"":""140"",""stored_price"":""N""}"
"115";"1756002662";"249";"BRO120182490";"189.00";"1";"{""product_options"":{""104"":""568"",""24"":""94"",""25"":""95""},""unlimited_download"":""N"",""product"":""BROOKS W Ravenna 6 D width"",""company_id"":""1"",""is_edp"":""N"",""edp_shipping"":""N"",""discount"":""0"",""base_price"":""189"",""stored_price"":""N"",""product_options_value"":[{""option_id"":""104"",""product_id"":""249"",""company_id"":""1"",""option_type"":""S"",""inventory"":""Y"",""regexp"":"""",""required"":""N"",""multiupload"":""N"",""allowed_extensions"":"""",""max_file_size"":""0"",""missing_variants_handling"":""M"",""status"":""A"",""position"":""5"",""value"":""568"",""option_name"":""Colour"",""option_text"":"""",""description"":"""",""inner_hint"":"""",""incorrect_message"":"""",""modifier"":""0.000"",""modifier_type"":""A"",""variant_name"":""Black \/ Green""},{""option_id"":""24"",""product_id"":""249"",""company_id"":""1"",""option_type"":""S"",""inventory"":""Y"",""regexp"":"""",""required"":""N"",""multiupload"":""N"",""allowed_extensions"":"""",""max_file_size"":""0"",""missing_variants_handling"":""M"",""status"":""A"",""position"":""10"",""value"":""94"",""option_name"":""International"",""option_text"":"""",""description"":"""",""inner_hint"":"""",""incorrect_message"":"""",""modifier"":""0.000"",""modifier_type"":""A"",""variant_name"":""US""},{""option_id"":""25"",""product_id"":""249"",""company_id"":""1"",""option_type"":""S"",""inventory"":""Y"",""regexp"":"""",""required"":""N"",""multiupload"":""N"",""allowed_extensions"":"""",""max_file_size"":""0"",""missing_variants_handling"":""M"",""status"":""A"",""position"":""10"",""value"":""95"",""option_name"":""Shoes size"",""option_text"":"""",""description"":"""",""inner_hint"":"""",""incorrect_message"":"""",""modifier"":""0.000"",""modifier_type"":""A"",""variant_name"":""6""}]}"
"118";"1756002662";"249";"BRO120182490";"189.00";"1";"{""product_options"":{""104"":""568"",""24"":""94"",""25"":""95""},""unlimited_download"":""N"",""product"":""BROOKS W Ravenna 6 D width"",""company_id"":""1"",""is_edp"":""N"",""edp_shipping"":""N"",""discount"":""0"",""base_price"":""189"",""stored_price"":""N"",""product_options_value"":[{""option_id"":""104"",""product_id"":""249"",""company_id"":""1"",""option_type"":""S"",""inventory"":""Y"",""regexp"":"""",""required"":""N"",""multiupload"":""N"",""allowed_extensions"":"""",""max_file_size"":""0"",""missing_variants_handling"":""M"",""status"":""A"",""position"":""5"",""value"":""568"",""option_name"":""Colour"",""option_text"":"""",""description"":"""",""inner_hint"":"""",""incorrect_message"":"""",""modifier"":""0.000"",""modifier_type"":""A"",""variant_name"":""Black \/ Green""},{""option_id"":""24"",""product_id"":""249"",""company_id"":""1"",""option_type"":""S"",""inventory"":""Y"",""regexp"":"""",""required"":""N"",""multiupload"":""N"",""allowed_extensions"":"""",""max_file_size"":""0"",""missing_variants_handling"":""M"",""status"":""A"",""position"":""10"",""value"":""94"",""option_name"":""International"",""option_text"":"""",""description"":"""",""inner_hint"":"""",""incorrect_message"":"""",""modifier"":""0.000"",""modifier_type"":""A"",""variant_name"":""US""},{""option_id"":""25"",""product_id"":""249"",""company_id"":""1"",""option_type"":""S"",""inventory"":""Y"",""regexp"":"""",""required"":""N"",""multiupload"":""N"",""allowed_extensions"":"""",""max_file_size"":""0"",""missing_variants_handling"":""M"",""status"":""A"",""position"":""10"",""value"":""95"",""option_name"":""Shoes size"",""option_text"":"""",""description"":"""",""inner_hint"":"""",""incorrect_message"":"""",""modifier"":""0.000"",""modifier_type"":""A"",""variant_name"":""6""}]}"
"119";"2895347958";"248";"BRO120182157";"189.00";"1";"{""product_options"":{""103"":""567"",""22"":""82"",""23"":""83""},""unlimited_download"":""N"",""product"":""BROOKS W Ravenna 6 D width"",""company_id"":""1"",""is_edp"":""N"",""edp_shipping"":""N"",""discount"":""0"",""base_price"":""189"",""stored_price"":""N"",""product_options_value"":[{""option_id"":""103"",""product_id"":""248"",""company_id"":""1"",""option_type"":""S"",""inventory"":""Y"",""regexp"":"""",""required"":""N"",""multiupload"":""N"",""allowed_extensions"":"""",""max_file_size"":""0"",""missing_variants_handling"":""M"",""status"":""A"",""position"":""5"",""value"":""567"",""option_name"":""Colour"",""option_text"":"""",""description"":"""",""inner_hint"":"""",""incorrect_message"":"""",""modifier"":""0.000"",""modifier_type"":""A"",""variant_name"":""Grey \/ Pink""},{""option_id"":""22"",""product_id"":""248"",""company_id"":""1"",""option_type"":""S"",""inventory"":""Y"",""regexp"":"""",""required"":""N"",""multiupload"":""N"",""allowed_extensions"":"""",""max_file_size"":""0"",""missing_variants_handling"":""M"",""status"":""A"",""position"":""10"",""value"":""82"",""option_name"":""International"",""option_text"":"""",""description"":"""",""inner_hint"":"""",""incorrect_message"":"""",""modifier"":""0.000"",""modifier_type"":""A"",""variant_name"":""US""},{""option_id"":""23"",""product_id"":""248"",""company_id"":""1"",""option_type"":""S"",""inventory"":""Y"",""regexp"":"""",""required"":""N"",""multiupload"":""N"",""allowed_extensions"":"""",""max_file_size"":""0"",""missing_variants_handling"":""M"",""status"":""A"",""position"":""10"",""value"":""83"",""option_name"":""Shoes size"",""option_text"":"""",""description"":"""",""inner_hint"":"""",""incorrect_message"":"""",""modifier"":""0.000"",""modifier_type"":""A"",""variant_name"":""6""}]}"
"120";"2895347958";"248";"BRO120182157";"189.00";"1";"{""product_options"":{""103"":""567"",""22"":""82"",""23"":""83""},""unlimited_download"":""N"",""product"":""BROOKS W Ravenna 6 D width"",""company_id"":""1"",""is_edp"":""N"",""edp_shipping"":""N"",""discount"":""0"",""base_price"":""189"",""stored_price"":""N"",""product_options_value"":[{""option_id"":""103"",""product_id"":""248"",""company_id"":""1"",""option_type"":""S"",""inventory"":""Y"",""regexp"":"""",""required"":""N"",""multiupload"":""N"",""allowed_extensions"":"""",""max_file_size"":""0"",""missing_variants_handling"":""M"",""status"":""A"",""position"":""5"",""value"":""567"",""option_name"":""Colour"",""option_text"":"""",""description"":"""",""inner_hint"":"""",""incorrect_message"":"""",""modifier"":""0.000"",""modifier_type"":""A"",""variant_name"":""Grey \/ Pink""},{""option_id"":""22"",""product_id"":""248"",""company_id"":""1"",""option_type"":""S"",""inventory"":""Y"",""regexp"":"""",""required"":""N"",""multiupload"":""N"",""allowed_extensions"":"""",""max_file_size"":""0"",""missing_variants_handling"":""M"",""status"":""A"",""position"":""10"",""value"":""82"",""option_name"":""International"",""option_text"":"""",""description"":"""",""inner_hint"":"""",""incorrect_message"":"""",""modifier"":""0.000"",""modifier_type"":""A"",""variant_name"":""US""},{""option_id"":""23"",""product_id"":""248"",""company_id"":""1"",""option_type"":""S"",""inventory"":""Y"",""regexp"":"""",""required"":""N"",""multiupload"":""N"",""allowed_extensions"":"""",""max_file_size"":""0"",""missing_variants_handling"":""M"",""status"":""A"",""position"":""10"",""value"":""83"",""option_name"":""Shoes size"",""option_text"":"""",""description"":"""",""inner_hint"":"""",""incorrect_message"":"""",""modifier"":""0.000"",""modifier_type"":""A"",""variant_name"":""6""}]}"
"121";"1733086177";"247";"BRO120182657";"189.00";"1";"{""product_options"":{""102"":""566"",""20"":""71"",""21"":""75""},""unlimited_download"":""N"",""product"":""BROOKS W Ravenna 6 D width"",""company_id"":""1"",""is_edp"":""N"",""edp_shipping"":""N"",""discount"":""0"",""base_price"":""189"",""stored_price"":""N"",""product_options_value"":[{""option_id"":""102"",""product_id"":""247"",""company_id"":""1"",""option_type"":""S"",""inventory"":""Y"",""regexp"":"""",""required"":""N"",""multiupload"":""N"",""allowed_extensions"":"""",""max_file_size"":""0"",""missing_variants_handling"":""M"",""status"":""A"",""position"":""10"",""value"":""566"",""option_name"":""Colour"",""option_text"":"""",""description"":"""",""inner_hint"":"""",""incorrect_message"":"""",""modifier"":""0.000"",""modifier_type"":""A"",""variant_name"":""Pink \/ Blue""},{""option_id"":""20"",""product_id"":""247"",""company_id"":""1"",""option_type"":""S"",""inventory"":""Y"",""regexp"":"""",""required"":""N"",""multiupload"":""N"",""allowed_extensions"":"""",""max_file_size"":""0"",""missing_variants_handling"":""M"",""status"":""A"",""position"":""10"",""value"":""71"",""option_name"":""International"",""option_text"":"""",""description"":"""",""inner_hint"":"""",""incorrect_message"":"""",""modifier"":""0.000"",""modifier_type"":""A"",""variant_name"":""US""},{""option_id"":""21"",""product_id"":""247"",""company_id"":""1"",""option_type"":""S"",""inventory"":""Y"",""regexp"":"""",""required"":""N"",""multiupload"":""N"",""allowed_extensions"":"""",""max_file_size"":""0"",""missing_variants_handling"":""M"",""status"":""A"",""position"":""10"",""value"":""75"",""option_name"":""Shoe Size"",""option_text"":"""",""description"":"""",""inner_hint"":"""",""incorrect_message"":"""",""modifier"":""0.000"",""modifier_type"":""A"",""variant_name"":""6""}]}"
"122";"1756002662";"249";"BRO120182490";"189.00";"1";"{""product_options"":{""104"":""568"",""24"":""94"",""25"":""95""},""unlimited_download"":""N"",""product"":""BROOKS W Ravenna 6 D width"",""company_id"":""1"",""is_edp"":""N"",""edp_shipping"":""N"",""discount"":""0"",""base_price"":""189"",""stored_price"":""N"",""product_options_value"":[{""option_id"":""104"",""product_id"":""249"",""company_id"":""1"",""option_type"":""S"",""inventory"":""Y"",""regexp"":"""",""required"":""N"",""multiupload"":""N"",""allowed_extensions"":"""",""max_file_size"":""0"",""missing_variants_handling"":""M"",""status"":""A"",""position"":""5"",""value"":""568"",""option_name"":""Colour"",""option_text"":"""",""description"":"""",""inner_hint"":"""",""incorrect_message"":"""",""modifier"":""0.000"",""modifier_type"":""A"",""variant_name"":""Black \/ Green""},{""option_id"":""24"",""product_id"":""249"",""company_id"":""1"",""option_type"":""S"",""inventory"":""Y"",""regexp"":"""",""required"":""N"",""multiupload"":""N"",""allowed_extensions"":"""",""max_file_size"":""0"",""missing_variants_handling"":""M"",""status"":""A"",""position"":""10"",""value"":""94"",""option_name"":""International"",""option_text"":"""",""description"":"""",""inner_hint"":"""",""incorrect_message"":"""",""modifier"":""0.000"",""modifier_type"":""A"",""variant_name"":""US""},{""option_id"":""25"",""product_id"":""249"",""company_id"":""1"",""option_type"":""S"",""inventory"":""Y"",""regexp"":"""",""required"":""N"",""multiupload"":""N"",""allowed_extensions"":"""",""max_file_size"":""0"",""missing_variants_handling"":""M"",""status"":""A"",""position"":""10"",""value"":""95"",""option_name"":""Shoes size"",""option_text"":"""",""description"":"""",""inner_hint"":"""",""incorrect_message"":"""",""modifier"":""0.000"",""modifier_type"":""A"",""variant_name"":""6""}]}"
"123";"2895347958";"248";"BRO120182157";"189.00";"1";"{""product_options"":{""103"":""567"",""22"":""82"",""23"":""83""},""unlimited_download"":""N"",""product"":""BROOKS W Ravenna 6 D width"",""company_id"":""1"",""is_edp"":""N"",""edp_shipping"":""N"",""discount"":""0"",""base_price"":""189"",""stored_price"":""N"",""product_options_value"":[{""option_id"":""103"",""product_id"":""248"",""company_id"":""1"",""option_type"":""S"",""inventory"":""Y"",""regexp"":"""",""required"":""N"",""multiupload"":""N"",""allowed_extensions"":"""",""max_file_size"":""0"",""missing_variants_handling"":""M"",""status"":""A"",""position"":""5"",""value"":""567"",""option_name"":""Colour"",""option_text"":"""",""description"":"""",""inner_hint"":"""",""incorrect_message"":"""",""modifier"":""0.000"",""modifier_type"":""A"",""variant_name"":""Grey \/ Pink""},{""option_id"":""22"",""product_id"":""248"",""company_id"":""1"",""option_type"":""S"",""inventory"":""Y"",""regexp"":"""",""required"":""N"",""multiupload"":""N"",""allowed_extensions"":"""",""max_file_size"":""0"",""missing_variants_handling"":""M"",""status"":""A"",""position"":""10"",""value"":""82"",""option_name"":""International"",""option_text"":"""",""description"":"""",""inner_hint"":"""",""incorrect_message"":"""",""modifier"":""0.000"",""modifier_type"":""A"",""variant_name"":""US""},{""option_id"":""23"",""product_id"":""248"",""company_id"":""1"",""option_type"":""S"",""inventory"":""Y"",""regexp"":"""",""required"":""N"",""multiupload"":""N"",""allowed_extensions"":"""",""max_file_size"":""0"",""missing_variants_handling"":""M"",""status"":""A"",""position"":""10"",""value"":""83"",""option_name"":""Shoes size"",""option_text"":"""",""description"":"""",""inner_hint"":"""",""incorrect_message"":"""",""modifier"":""0.000"",""modifier_type"":""A"",""variant_name"":""6""}]}"
"124";"2895347958";"248";"BRO120182157";"189.00";"1";"{""product_options"":{""103"":""567"",""22"":""82"",""23"":""83""},""unlimited_download"":""N"",""product"":""BROOKS W Ravenna 6 D width"",""company_id"":""1"",""is_edp"":""N"",""edp_shipping"":""N"",""discount"":""0"",""base_price"":""189"",""stored_price"":""N"",""product_options_value"":[{""option_id"":""103"",""product_id"":""248"",""company_id"":""1"",""option_type"":""S"",""inventory"":""Y"",""regexp"":"""",""required"":""N"",""multiupload"":""N"",""allowed_extensions"":"""",""max_file_size"":""0"",""missing_variants_handling"":""M"",""status"":""A"",""position"":""5"",""value"":""567"",""option_name"":""Colour"",""option_text"":"""",""description"":"""",""inner_hint"":"""",""incorrect_message"":"""",""modifier"":""0.000"",""modifier_type"":""A"",""variant_name"":""Grey \/ Pink""},{""option_id"":""22"",""product_id"":""248"",""company_id"":""1"",""option_type"":""S"",""inventory"":""Y"",""regexp"":"""",""required"":""N"",""multiupload"":""N"",""allowed_extensions"":"""",""max_file_size"":""0"",""missing_variants_handling"":""M"",""status"":""A"",""position"":""10"",""value"":""82"",""option_name"":""International"",""option_text"":"""",""description"":"""",""inner_hint"":"""",""incorrect_message"":"""",""modifier"":""0.000"",""modifier_type"":""A"",""variant_name"":""US""},{""option_id"":""23"",""product_id"":""248"",""company_id"":""1"",""option_type"":""S"",""inventory"":""Y"",""regexp"":"""",""required"":""N"",""multiupload"":""N"",""allowed_extensions"":"""",""max_file_size"":""0"",""missing_variants_handling"":""M"",""status"":""A"",""position"":""10"",""value"":""83"",""option_name"":""Shoes size"",""option_text"":"""",""description"":"""",""inner_hint"":"""",""incorrect_message"":"""",""modifier"":""0.000"",""modifier_type"":""A"",""variant_name"":""6""}]}"
"125";"1756002662";"249";"BRO120182490";"189.00";"1";"{""product_options"":{""104"":""568"",""24"":""94"",""25"":""95""},""unlimited_download"":""N"",""product"":""BROOKS W Ravenna 6 D width"",""company_id"":""1"",""is_edp"":""N"",""edp_shipping"":""N"",""discount"":""0"",""base_price"":""189"",""stored_price"":""N"",""product_options_value"":[{""option_id"":""104"",""product_id"":""249"",""company_id"":""1"",""option_type"":""S"",""inventory"":""Y"",""regexp"":"""",""required"":""N"",""multiupload"":""N"",""allowed_extensions"":"""",""max_file_size"":""0"",""missing_variants_handling"":""M"",""status"":""A"",""position"":""5"",""value"":""568"",""option_name"":""Colour"",""option_text"":"""",""description"":"""",""inner_hint"":"""",""incorrect_message"":"""",""modifier"":""0.000"",""modifier_type"":""A"",""variant_name"":""Black \/ Green""},{""option_id"":""24"",""product_id"":""249"",""company_id"":""1"",""option_type"":""S"",""inventory"":""Y"",""regexp"":"""",""required"":""N"",""multiupload"":""N"",""allowed_extensions"":"""",""max_file_size"":""0"",""missing_variants_handling"":""M"",""status"":""A"",""position"":""10"",""value"":""94"",""option_name"":""International"",""option_text"":"""",""description"":"""",""inner_hint"":"""",""incorrect_message"":"""",""modifier"":""0.000"",""modifier_type"":""A"",""variant_name"":""US""},{""option_id"":""25"",""product_id"":""249"",""company_id"":""1"",""option_type"":""S"",""inventory"":""Y"",""regexp"":"""",""required"":""N"",""multiupload"":""N"",""allowed_extensions"":"""",""max_file_size"":""0"",""missing_variants_handling"":""M"",""status"":""A"",""position"":""10"",""value"":""95"",""option_name"":""Shoes size"",""option_text"":"""",""description"":"""",""inner_hint"":"""",""incorrect_message"":"""",""modifier"":""0.000"",""modifier_type"":""A"",""variant_name"":""6""}]}"
"126";"308947462";"249";"BRO120182490";"189.00";"1";"{""product_options"":{""104"":""568"",""24"":""94"",""25"":""97""},""unlimited_download"":""N"",""product"":""BROOKS W Ravenna 6 D width"",""company_id"":""1"",""is_edp"":""N"",""edp_shipping"":""N"",""discount"":""0"",""base_price"":""189"",""stored_price"":""N"",""product_options_value"":[{""option_id"":""104"",""product_id"":""249"",""company_id"":""1"",""option_type"":""S"",""inventory"":""Y"",""regexp"":"""",""required"":""N"",""multiupload"":""N"",""allowed_extensions"":"""",""max_file_size"":""0"",""missing_variants_handling"":""M"",""status"":""A"",""position"":""5"",""value"":""568"",""option_name"":""Colour"",""option_text"":"""",""description"":"""",""inner_hint"":"""",""incorrect_message"":"""",""modifier"":""0.000"",""modifier_type"":""A"",""variant_name"":""Black \/ Green""},{""option_id"":""24"",""product_id"":""249"",""company_id"":""1"",""option_type"":""S"",""inventory"":""Y"",""regexp"":"""",""required"":""N"",""multiupload"":""N"",""allowed_extensions"":"""",""max_file_size"":""0"",""missing_variants_handling"":""M"",""status"":""A"",""position"":""10"",""value"":""94"",""option_name"":""International"",""option_text"":"""",""description"":"""",""inner_hint"":"""",""incorrect_message"":"""",""modifier"":""0.000"",""modifier_type"":""A"",""variant_name"":""US""},{""option_id"":""25"",""product_id"":""249"",""company_id"":""1"",""option_type"":""S"",""inventory"":""Y"",""regexp"":"""",""required"":""N"",""multiupload"":""N"",""allowed_extensions"":"""",""max_file_size"":""0"",""missing_variants_handling"":""M"",""status"":""A"",""position"":""30"",""value"":""97"",""option_name"":""Shoes size"",""option_text"":"""",""description"":"""",""inner_hint"":"""",""incorrect_message"":"""",""modifier"":""0.000"",""modifier_type"":""A"",""variant_name"":""7""}]}"
"112";"345909233";"247";"BRO120182657";"189.00";"2";"{""product_options"":{""20"":""71"",""21"":""76""},""unlimited_download"":""N"",""product"":""BROOKS W Ravenna 6 D width"",""company_id"":""1"",""is_edp"":""N"",""edp_shipping"":""N"",""discount"":""0"",""base_price"":""189"",""stored_price"":""N"",""product_options_value"":[{""option_id"":""20"",""product_id"":""247"",""company_id"":""1"",""option_type"":""S"",""inventory"":""Y"",""regexp"":"""",""required"":""N"",""multiupload"":""N"",""allowed_extensions"":"""",""max_file_size"":""0"",""missing_variants_handling"":""M"",""status"":""A"",""position"":""10"",""value"":""71"",""option_name"":""International"",""option_text"":"""",""description"":"""",""inner_hint"":"""",""incorrect_message"":"""",""modifier"":""0.000"",""modifier_type"":""A"",""variant_name"":""US""},{""option_id"":""21"",""product_id"":""247"",""company_id"":""1"",""option_type"":""S"",""inventory"":""Y"",""regexp"":"""",""required"":""N"",""multiupload"":""N"",""allowed_extensions"":"""",""max_file_size"":""0"",""missing_variants_handling"":""M"",""status"":""A"",""position"":""20"",""value"":""76"",""option_name"":""Shoes size"",""option_text"":"""",""description"":"""",""inner_hint"":"""",""incorrect_message"":"""",""modifier"":""0.000"",""modifier_type"":""A"",""variant_name"":""6.5""}]}"
"112";"2216770144";"247";"BRO120182657";"189.00";"1";"{""product_options"":{""20"":""71"",""21"":""79""},""unlimited_download"":""N"",""product"":""BROOKS W Ravenna 6 D width"",""company_id"":""1"",""is_edp"":""N"",""edp_shipping"":""N"",""discount"":""0"",""base_price"":""189"",""stored_price"":""N"",""product_options_value"":[{""option_id"":""20"",""product_id"":""247"",""company_id"":""1"",""option_type"":""S"",""inventory"":""Y"",""regexp"":"""",""required"":""N"",""multiupload"":""N"",""allowed_extensions"":"""",""max_file_size"":""0"",""missing_variants_handling"":""M"",""status"":""A"",""position"":""10"",""value"":""71"",""option_name"":""International"",""option_text"":"""",""description"":"""",""inner_hint"":"""",""incorrect_message"":"""",""modifier"":""0.000"",""modifier_type"":""A"",""variant_name"":""US""},{""option_id"":""21"",""product_id"":""247"",""company_id"":""1"",""option_type"":""S"",""inventory"":""Y"",""regexp"":"""",""required"":""N"",""multiupload"":""N"",""allowed_extensions"":"""",""max_file_size"":""0"",""missing_variants_handling"":""M"",""status"":""A"",""position"":""50"",""value"":""79"",""option_name"":""Shoes size"",""option_text"":"""",""description"":"""",""inner_hint"":"""",""incorrect_message"":"""",""modifier"":""0.000"",""modifier_type"":""A"",""variant_name"":""8""}]}"
"112";"2375513675";"247";"BRO120182657";"189.00";"1";"{""product_options"":{""20"":""71"",""21"":""75""},""unlimited_download"":""N"",""product"":""BROOKS W Ravenna 6 D width"",""company_id"":""1"",""is_edp"":""N"",""edp_shipping"":""N"",""discount"":""0"",""base_price"":""189"",""stored_price"":""N"",""product_options_value"":[{""option_id"":""20"",""product_id"":""247"",""company_id"":""1"",""option_type"":""S"",""inventory"":""Y"",""regexp"":"""",""required"":""N"",""multiupload"":""N"",""allowed_extensions"":"""",""max_file_size"":""0"",""missing_variants_handling"":""M"",""status"":""A"",""position"":""10"",""value"":""71"",""option_name"":""International"",""option_text"":"""",""description"":"""",""inner_hint"":"""",""incorrect_message"":"""",""modifier"":""0.000"",""modifier_type"":""A"",""variant_name"":""US""},{""option_id"":""21"",""product_id"":""247"",""company_id"":""1"",""option_type"":""S"",""inventory"":""Y"",""regexp"":"""",""required"":""N"",""multiupload"":""N"",""allowed_extensions"":"""",""max_file_size"":""0"",""missing_variants_handling"":""M"",""status"":""A"",""position"":""10"",""value"":""75"",""option_name"":""Shoes size"",""option_text"":"""",""description"":"""",""inner_hint"":"""",""incorrect_message"":"""",""modifier"":""0.000"",""modifier_type"":""A"",""variant_name"":""6""}]}"
"111";"2375513675";"247";"BRO120182657";"189.00";"1";"{""product_options"":{""20"":""71"",""21"":""75""},""unlimited_download"":""N"",""product"":""Brooks Ravenna 6 Women"",""company_id"":""1"",""is_edp"":""N"",""edp_shipping"":""N"",""discount"":""0"",""base_price"":""189"",""stored_price"":""N"",""product_options_value"":[{""option_id"":""20"",""product_id"":""247"",""company_id"":""1"",""option_type"":""S"",""inventory"":""Y"",""regexp"":"""",""required"":""N"",""multiupload"":""N"",""allowed_extensions"":"""",""max_file_size"":""0"",""missing_variants_handling"":""M"",""status"":""A"",""position"":""10"",""value"":""71"",""option_name"":""International"",""option_text"":"""",""description"":"""",""inner_hint"":"""",""incorrect_message"":"""",""modifier"":""0.000"",""modifier_type"":""A"",""variant_name"":""US""},{""option_id"":""21"",""product_id"":""247"",""company_id"":""1"",""option_type"":""S"",""inventory"":""Y"",""regexp"":"""",""required"":""N"",""multiupload"":""N"",""allowed_extensions"":"""",""max_file_size"":""0"",""missing_variants_handling"":""M"",""status"":""A"",""position"":""10"",""value"":""75"",""option_name"":""Shoes size"",""option_text"":"""",""description"":"""",""inner_hint"":"""",""incorrect_message"":"""",""modifier"":""0.000"",""modifier_type"":""A"",""variant_name"":""6""}]}"
"110";"127446590";"81";"Y0081TT6SI";"49.50";"1";"{""product_options"":[],""unlimited_download"":""N"",""points_info"":{""raw_price"":""2475"",""price"":""2475"",""display_price"":""2475""},""product"":""Minnetonka Original Cowhide Driving Moc"",""company_id"":""1"",""is_edp"":""N"",""edp_shipping"":""N"",""discount"":""0"",""base_price"":""49.5"",""stored_price"":""N""}"
"109";"511942527";"91";"W00918CYVW";"10700.00";"1";"{""product_options"":[],""unlimited_download"":""N"",""points_info"":{""raw_price"":""535000"",""price"":""535000"",""display_price"":""535000""},""product"":""Montblanc Nicolas Rieussec Chronograph Automatic"",""company_id"":""1"",""is_edp"":""N"",""edp_shipping"":""N"",""discount"":""0"",""base_price"":""10700"",""stored_price"":""N""}"
"106";"1889509032";"80";"M0080Z1B49";"55.00";"1";"{""product_options"":[],""unlimited_download"":""N"",""points_info"":{""raw_price"":""2750"",""price"":""2750"",""display_price"":""2750""},""product"":""Nike Tenkay Slip TXTL Women's Shoe"",""company_id"":""1"",""is_edp"":""N"",""edp_shipping"":""N"",""discount"":""0"",""base_price"":""55"",""stored_price"":""N""}"
"101";"2866435524";"78";"L0078RO9Y9";"100.00";"1";"{""product_options"":{""17"":""58"",""2"":""10"",""19"":""67""},""unlimited_download"":""N"",""points_info"":{""raw_price"":""5000"",""price"":""5000"",""display_price"":""5000""},""product"":""adizero Rush Shoes"",""company_id"":""1"",""is_edp"":""N"",""edp_shipping"":""N"",""discount"":""0"",""base_price"":""100"",""stored_price"":""N"",""product_options_value"":[{""option_id"":""17"",""product_id"":""78"",""company_id"":""1"",""option_type"":""S"",""inventory"":""Y"",""regexp"":"""",""required"":""Y"",""multiupload"":""N"",""allowed_extensions"":"""",""max_file_size"":""0"",""missing_variants_handling"":""M"",""status"":""A"",""position"":""10"",""value"":""58"",""option_name"":""International"",""option_text"":"""",""description"":"""",""inner_hint"":"""",""incorrect_message"":"""",""modifier"":""0.000"",""modifier_type"":""A"",""variant_name"":""US""},{""option_id"":""2"",""product_id"":""0"",""company_id"":""1"",""option_type"":""S"",""inventory"":""Y"",""regexp"":"""",""required"":""Y"",""multiupload"":""N"",""allowed_extensions"":"""",""max_file_size"":""0"",""missing_variants_handling"":""M"",""status"":""A"",""position"":""20"",""value"":""10"",""option_name"":""Apparel size"",""option_text"":""Size"",""description"":"""",""inner_hint"":"""",""incorrect_message"":"""",""modifier"":""0.000"",""modifier_type"":""A"",""variant_name"":""Medium""},{""option_id"":""19"",""product_id"":""78"",""company_id"":""1"",""option_type"":""S"",""inventory"":""Y"",""regexp"":"""",""required"":""N"",""multiupload"":""N"",""allowed_extensions"":"""",""max_file_size"":""0"",""missing_variants_handling"":""M"",""status"":""A"",""position"":""0"",""value"":""67"",""option_name"":""Adidas Shoe Colour"",""option_text"":"""",""description"":"""",""inner_hint"":"""",""incorrect_message"":"""",""modifier"":""0.000"",""modifier_type"":""A"",""variant_name"":""Black""}]}"
"100";"979716181";"78";"L0078RO9Y9";"100.00";"1";"{""product_options"":{""17"":""58"",""2"":""10"",""19"":""68""},""unlimited_download"":""N"",""points_info"":{""raw_price"":""5000"",""price"":""5000"",""display_price"":""5000""},""product"":""adizero Rush Shoes"",""company_id"":""1"",""is_edp"":""N"",""edp_shipping"":""N"",""discount"":""0"",""base_price"":""100"",""stored_price"":""N"",""product_options_value"":[{""option_id"":""17"",""product_id"":""78"",""company_id"":""1"",""option_type"":""S"",""inventory"":""Y"",""regexp"":"""",""required"":""Y"",""multiupload"":""N"",""allowed_extensions"":"""",""max_file_size"":""0"",""missing_variants_handling"":""M"",""status"":""A"",""position"":""10"",""value"":""58"",""option_name"":""International"",""option_text"":"""",""description"":"""",""inner_hint"":"""",""incorrect_message"":"""",""modifier"":""0.000"",""modifier_type"":""A"",""variant_name"":""US""},{""option_id"":""2"",""product_id"":""0"",""company_id"":""1"",""option_type"":""S"",""inventory"":""Y"",""regexp"":"""",""required"":""Y"",""multiupload"":""N"",""allowed_extensions"":"""",""max_file_size"":""0"",""missing_variants_handling"":""M"",""status"":""A"",""position"":""20"",""value"":""10"",""option_name"":""Apparel size"",""option_text"":""Size"",""description"":"""",""inner_hint"":"""",""incorrect_message"":"""",""modifier"":""0.000"",""modifier_type"":""A"",""variant_name"":""Medium""},{""option_id"":""19"",""product_id"":""78"",""company_id"":""1"",""option_type"":""S"",""inventory"":""Y"",""regexp"":"""",""required"":""N"",""multiupload"":""N"",""allowed_extensions"":"""",""max_file_size"":""0"",""missing_variants_handling"":""M"",""status"":""A"",""position"":""0"",""value"":""68"",""option_name"":""Adidas Shoe Colour"",""option_text"":"""",""description"":"""",""inner_hint"":"""",""incorrect_message"":"""",""modifier"":""0.000"",""modifier_type"":""A"",""variant_name"":""White""}]}"
"127";"1756002662";"249";"BRO120182490";"189.00";"1";"{""product_options"":{""104"":""568"",""24"":""94"",""25"":""95""},""unlimited_download"":""N"",""product"":""BROOKS W Ravenna 6 D width"",""company_id"":""1"",""is_edp"":""N"",""edp_shipping"":""N"",""discount"":""0"",""base_price"":""189"",""stored_price"":""N"",""product_options_value"":[{""option_id"":""104"",""product_id"":""249"",""company_id"":""1"",""option_type"":""S"",""inventory"":""Y"",""regexp"":"""",""required"":""N"",""multiupload"":""N"",""allowed_extensions"":"""",""max_file_size"":""0"",""missing_variants_handling"":""M"",""status"":""A"",""position"":""5"",""value"":""568"",""option_name"":""Colour"",""option_text"":"""",""description"":"""",""inner_hint"":"""",""incorrect_message"":"""",""modifier"":""0.000"",""modifier_type"":""A"",""variant_name"":""Black \/ Green""},{""option_id"":""24"",""product_id"":""249"",""company_id"":""1"",""option_type"":""S"",""inventory"":""Y"",""regexp"":"""",""required"":""N"",""multiupload"":""N"",""allowed_extensions"":"""",""max_file_size"":""0"",""missing_variants_handling"":""M"",""status"":""A"",""position"":""10"",""value"":""94"",""option_name"":""International"",""option_text"":"""",""description"":"""",""inner_hint"":"""",""incorrect_message"":"""",""modifier"":""0.000"",""modifier_type"":""A"",""variant_name"":""US""},{""option_id"":""25"",""product_id"":""249"",""company_id"":""1"",""option_type"":""S"",""inventory"":""Y"",""regexp"":"""",""required"":""N"",""multiupload"":""N"",""allowed_extensions"":"""",""max_file_size"":""0"",""missing_variants_handling"":""M"",""status"":""A"",""position"":""10"",""value"":""95"",""option_name"":""Shoes size"",""option_text"":"""",""description"":"""",""inner_hint"":"""",""incorrect_message"":"""",""modifier"":""0.000"",""modifier_type"":""A"",""variant_name"":""6""}]}"
"128";"2895347958";"248";"BRO120182157";"189.00";"1";"{""product_options"":{""103"":""567"",""22"":""82"",""23"":""83""},""unlimited_download"":""N"",""product"":""BROOKS W Ravenna 6 D width"",""company_id"":""1"",""is_edp"":""N"",""edp_shipping"":""N"",""discount"":""0"",""base_price"":""189"",""stored_price"":""N"",""product_options_value"":[{""option_id"":""103"",""product_id"":""248"",""company_id"":""1"",""option_type"":""S"",""inventory"":""Y"",""regexp"":"""",""required"":""N"",""multiupload"":""N"",""allowed_extensions"":"""",""max_file_size"":""0"",""missing_variants_handling"":""M"",""status"":""A"",""position"":""5"",""value"":""567"",""option_name"":""Colour"",""option_text"":"""",""description"":"""",""inner_hint"":"""",""incorrect_message"":"""",""modifier"":""0.000"",""modifier_type"":""A"",""variant_name"":""Grey \/ Pink""},{""option_id"":""22"",""product_id"":""248"",""company_id"":""1"",""option_type"":""S"",""inventory"":""Y"",""regexp"":"""",""required"":""N"",""multiupload"":""N"",""allowed_extensions"":"""",""max_file_size"":""0"",""missing_variants_handling"":""M"",""status"":""A"",""position"":""10"",""value"":""82"",""option_name"":""International"",""option_text"":"""",""description"":"""",""inner_hint"":"""",""incorrect_message"":"""",""modifier"":""0.000"",""modifier_type"":""A"",""variant_name"":""US""},{""option_id"":""23"",""product_id"":""248"",""company_id"":""1"",""option_type"":""S"",""inventory"":""Y"",""regexp"":"""",""required"":""N"",""multiupload"":""N"",""allowed_extensions"":"""",""max_file_size"":""0"",""missing_variants_handling"":""M"",""status"":""A"",""position"":""10"",""value"":""83"",""option_name"":""Shoes size"",""option_text"":"""",""description"":"""",""inner_hint"":"""",""incorrect_message"":"""",""modifier"":""0.000"",""modifier_type"":""A"",""variant_name"":""6""}]}"
"129";"1756002662";"249";"BRO120182490";"189.00";"1";"{""product_options"":{""104"":""568"",""24"":""94"",""25"":""95""},""unlimited_download"":""N"",""product"":""BROOKS W Ravenna 6 D width"",""company_id"":""1"",""is_edp"":""N"",""edp_shipping"":""N"",""discount"":""0"",""base_price"":""189"",""stored_price"":""N"",""product_options_value"":[{""option_id"":""104"",""product_id"":""249"",""company_id"":""1"",""option_type"":""S"",""inventory"":""Y"",""regexp"":"""",""required"":""N"",""multiupload"":""N"",""allowed_extensions"":"""",""max_file_size"":""0"",""missing_variants_handling"":""M"",""status"":""A"",""position"":""5"",""value"":""568"",""option_name"":""Colour"",""option_text"":"""",""description"":"""",""inner_hint"":"""",""incorrect_message"":"""",""modifier"":""0.000"",""modifier_type"":""A"",""variant_name"":""Black \/ Green""},{""option_id"":""24"",""product_id"":""249"",""company_id"":""1"",""option_type"":""S"",""inventory"":""Y"",""regexp"":"""",""required"":""N"",""multiupload"":""N"",""allowed_extensions"":"""",""max_file_size"":""0"",""missing_variants_handling"":""M"",""status"":""A"",""position"":""10"",""value"":""94"",""option_name"":""International"",""option_text"":"""",""description"":"""",""inner_hint"":"""",""incorrect_message"":"""",""modifier"":""0.000"",""modifier_type"":""A"",""variant_name"":""US""},{""option_id"":""25"",""product_id"":""249"",""company_id"":""1"",""option_type"":""S"",""inventory"":""Y"",""regexp"":"""",""required"":""N"",""multiupload"":""N"",""allowed_extensions"":"""",""max_file_size"":""0"",""missing_variants_handling"":""M"",""status"":""A"",""position"":""10"",""value"":""95"",""option_name"":""Shoes size"",""option_text"":"""",""description"":"""",""inner_hint"":"""",""incorrect_message"":"""",""modifier"":""0.000"",""modifier_type"":""A"",""variant_name"":""6""}]}"
"130";"2681999184";"247";"BRO120182657";"189.00";"1";"{""product_options"":{""102"":""566"",""20"":""71"",""21"":""78""},""unlimited_download"":""N"",""product"":""BROOKS W Ravenna 6 D width"",""company_id"":""1"",""is_edp"":""N"",""edp_shipping"":""N"",""discount"":""0"",""base_price"":""189"",""stored_price"":""N"",""product_options_value"":[{""option_id"":""102"",""product_id"":""247"",""company_id"":""1"",""option_type"":""S"",""inventory"":""Y"",""regexp"":"""",""required"":""N"",""multiupload"":""N"",""allowed_extensions"":"""",""max_file_size"":""0"",""missing_variants_handling"":""M"",""status"":""A"",""position"":""10"",""value"":""566"",""option_name"":""Colour"",""option_text"":"""",""description"":"""",""inner_hint"":"""",""incorrect_message"":"""",""modifier"":""0.000"",""modifier_type"":""A"",""variant_name"":""Pink \/ Blue""},{""option_id"":""20"",""product_id"":""247"",""company_id"":""1"",""option_type"":""S"",""inventory"":""Y"",""regexp"":"""",""required"":""N"",""multiupload"":""N"",""allowed_extensions"":"""",""max_file_size"":""0"",""missing_variants_handling"":""M"",""status"":""A"",""position"":""10"",""value"":""71"",""option_name"":""International"",""option_text"":"""",""description"":"""",""inner_hint"":"""",""incorrect_message"":"""",""modifier"":""0.000"",""modifier_type"":""A"",""variant_name"":""US""},{""option_id"":""21"",""product_id"":""247"",""company_id"":""1"",""option_type"":""S"",""inventory"":""Y"",""regexp"":"""",""required"":""N"",""multiupload"":""N"",""allowed_extensions"":"""",""max_file_size"":""0"",""missing_variants_handling"":""M"",""status"":""A"",""position"":""40"",""value"":""78"",""option_name"":""Shoe Size"",""option_text"":"""",""description"":"""",""inner_hint"":"""",""incorrect_message"":"""",""modifier"":""0.000"",""modifier_type"":""A"",""variant_name"":""7.5""}]}"
"130";"993066170";"247";"BRO120182657";"189.00";"1";"{""product_options"":{""102"":""566"",""20"":""71"",""21"":""106""},""unlimited_download"":""N"",""product"":""BROOKS W Ravenna 6 D width"",""company_id"":""1"",""is_edp"":""N"",""edp_shipping"":""N"",""discount"":""0"",""base_price"":""189"",""stored_price"":""N"",""product_options_value"":[{""option_id"":""102"",""product_id"":""247"",""company_id"":""1"",""option_type"":""S"",""inventory"":""Y"",""regexp"":"""",""required"":""N"",""multiupload"":""N"",""allowed_extensions"":"""",""max_file_size"":""0"",""missing_variants_handling"":""M"",""status"":""A"",""position"":""10"",""value"":""566"",""option_name"":""Colour"",""option_text"":"""",""description"":"""",""inner_hint"":"""",""incorrect_message"":"""",""modifier"":""0.000"",""modifier_type"":""A"",""variant_name"":""Pink \/ Blue""},{""option_id"":""20"",""product_id"":""247"",""company_id"":""1"",""option_type"":""S"",""inventory"":""Y"",""regexp"":"""",""required"":""N"",""multiupload"":""N"",""allowed_extensions"":"""",""max_file_size"":""0"",""missing_variants_handling"":""M"",""status"":""A"",""position"":""10"",""value"":""71"",""option_name"":""International"",""option_text"":"""",""description"":"""",""inner_hint"":"""",""incorrect_message"":"""",""modifier"":""0.000"",""modifier_type"":""A"",""variant_name"":""US""},{""option_id"":""21"",""product_id"":""247"",""company_id"":""1"",""option_type"":""S"",""inventory"":""Y"",""regexp"":"""",""required"":""N"",""multiupload"":""N"",""allowed_extensions"":"""",""max_file_size"":""0"",""missing_variants_handling"":""M"",""status"":""A"",""position"":""80"",""value"":""106"",""option_name"":""Shoe Size"",""option_text"":"""",""description"":"""",""inner_hint"":"""",""incorrect_message"":"""",""modifier"":""0.000"",""modifier_type"":""A"",""variant_name"":""9.5""}]}"
"130";"1593505348";"247";"BRO120182657";"189.00";"1";"{""product_options"":{""102"":""566"",""20"":""71"",""21"":""80""},""unlimited_download"":""N"",""product"":""BROOKS W Ravenna 6 D width"",""company_id"":""1"",""is_edp"":""N"",""edp_shipping"":""N"",""discount"":""0"",""base_price"":""189"",""stored_price"":""N"",""product_options_value"":[{""option_id"":""102"",""product_id"":""247"",""company_id"":""1"",""option_type"":""S"",""inventory"":""Y"",""regexp"":"""",""required"":""N"",""multiupload"":""N"",""allowed_extensions"":"""",""max_file_size"":""0"",""missing_variants_handling"":""M"",""status"":""A"",""position"":""10"",""value"":""566"",""option_name"":""Colour"",""option_text"":"""",""description"":"""",""inner_hint"":"""",""incorrect_message"":"""",""modifier"":""0.000"",""modifier_type"":""A"",""variant_name"":""Pink \/ Blue""},{""option_id"":""20"",""product_id"":""247"",""company_id"":""1"",""option_type"":""S"",""inventory"":""Y"",""regexp"":"""",""required"":""N"",""multiupload"":""N"",""allowed_extensions"":"""",""max_file_size"":""0"",""missing_variants_handling"":""M"",""status"":""A"",""position"":""10"",""value"":""71"",""option_name"":""International"",""option_text"":"""",""description"":"""",""inner_hint"":"""",""incorrect_message"":"""",""modifier"":""0.000"",""modifier_type"":""A"",""variant_name"":""US""},{""option_id"":""21"",""product_id"":""247"",""company_id"":""1"",""option_type"":""S"",""inventory"":""Y"",""regexp"":"""",""required"":""N"",""multiupload"":""N"",""allowed_extensions"":"""",""max_file_size"":""0"",""missing_variants_handling"":""M"",""status"":""A"",""position"":""60"",""value"":""80"",""option_name"":""Shoe Size"",""option_text"":"""",""description"":"""",""inner_hint"":"""",""incorrect_message"":"""",""modifier"":""0.000"",""modifier_type"":""A"",""variant_name"":""8.5""}]}"
"130";"1733086177";"247";"BRO120182657";"189.00";"9";"{""product_options"":{""102"":""566"",""20"":""71"",""21"":""75""},""unlimited_download"":""N"",""product"":""BROOKS W Ravenna 6 D width"",""company_id"":""1"",""is_edp"":""N"",""edp_shipping"":""N"",""discount"":""0"",""base_price"":""189"",""stored_price"":""N"",""product_options_value"":[{""option_id"":""102"",""product_id"":""247"",""company_id"":""1"",""option_type"":""S"",""inventory"":""Y"",""regexp"":"""",""required"":""N"",""multiupload"":""N"",""allowed_extensions"":"""",""max_file_size"":""0"",""missing_variants_handling"":""M"",""status"":""A"",""position"":""10"",""value"":""566"",""option_name"":""Colour"",""option_text"":"""",""description"":"""",""inner_hint"":"""",""incorrect_message"":"""",""modifier"":""0.000"",""modifier_type"":""A"",""variant_name"":""Pink \/ Blue""},{""option_id"":""20"",""product_id"":""247"",""company_id"":""1"",""option_type"":""S"",""inventory"":""Y"",""regexp"":"""",""required"":""N"",""multiupload"":""N"",""allowed_extensions"":"""",""max_file_size"":""0"",""missing_variants_handling"":""M"",""status"":""A"",""position"":""10"",""value"":""71"",""option_name"":""International"",""option_text"":"""",""description"":"""",""inner_hint"":"""",""incorrect_message"":"""",""modifier"":""0.000"",""modifier_type"":""A"",""variant_name"":""US""},{""option_id"":""21"",""product_id"":""247"",""company_id"":""1"",""option_type"":""S"",""inventory"":""Y"",""regexp"":"""",""required"":""N"",""multiupload"":""N"",""allowed_extensions"":"""",""max_file_size"":""0"",""missing_variants_handling"":""M"",""status"":""A"",""position"":""10"",""value"":""75"",""option_name"":""Shoe Size"",""option_text"":"""",""description"":"""",""inner_hint"":"""",""incorrect_message"":"""",""modifier"":""0.000"",""modifier_type"":""A"",""variant_name"":""6""}]}"
"130";"601060694";"248";"BRO120182157";"189.00";"1";"{""product_options"":{""103"":""567"",""22"":""82"",""23"":""85""},""unlimited_download"":""N"",""product"":""BROOKS W Ravenna 6 D width"",""company_id"":""1"",""is_edp"":""N"",""edp_shipping"":""N"",""discount"":""0"",""base_price"":""189"",""stored_price"":""N"",""product_options_value"":[{""option_id"":""103"",""product_id"":""248"",""company_id"":""1"",""option_type"":""S"",""inventory"":""Y"",""regexp"":"""",""required"":""N"",""multiupload"":""N"",""allowed_extensions"":"""",""max_file_size"":""0"",""missing_variants_handling"":""M"",""status"":""A"",""position"":""5"",""value"":""567"",""option_name"":""Colour"",""option_text"":"""",""description"":"""",""inner_hint"":"""",""incorrect_message"":"""",""modifier"":""0.000"",""modifier_type"":""A"",""variant_name"":""Grey \/ Pink""},{""option_id"":""22"",""product_id"":""248"",""company_id"":""1"",""option_type"":""S"",""inventory"":""Y"",""regexp"":"""",""required"":""N"",""multiupload"":""N"",""allowed_extensions"":"""",""max_file_size"":""0"",""missing_variants_handling"":""M"",""status"":""A"",""position"":""10"",""value"":""82"",""option_name"":""International"",""option_text"":"""",""description"":"""",""inner_hint"":"""",""incorrect_message"":"""",""modifier"":""0.000"",""modifier_type"":""A"",""variant_name"":""US""},{""option_id"":""23"",""product_id"":""248"",""company_id"":""1"",""option_type"":""S"",""inventory"":""Y"",""regexp"":"""",""required"":""N"",""multiupload"":""N"",""allowed_extensions"":"""",""max_file_size"":""0"",""missing_variants_handling"":""M"",""status"":""A"",""position"":""30"",""value"":""85"",""option_name"":""Shoes size"",""option_text"":"""",""description"":"""",""inner_hint"":"""",""incorrect_message"":"""",""modifier"":""0.000"",""modifier_type"":""A"",""variant_name"":""7""}]}"
"130";"4003955455";"249";"BRO120182490";"189.00";"1";"{""product_options"":{""104"":""568"",""24"":""94"",""25"":""100""},""unlimited_download"":""N"",""product"":""BROOKS W Ravenna 6 D width"",""company_id"":""1"",""is_edp"":""N"",""edp_shipping"":""N"",""discount"":""0"",""base_price"":""189"",""stored_price"":""N"",""product_options_value"":[{""option_id"":""104"",""product_id"":""249"",""company_id"":""1"",""option_type"":""S"",""inventory"":""Y"",""regexp"":"""",""required"":""N"",""multiupload"":""N"",""allowed_extensions"":"""",""max_file_size"":""0"",""missing_variants_handling"":""M"",""status"":""A"",""position"":""5"",""value"":""568"",""option_name"":""Colour"",""option_text"":"""",""description"":"""",""inner_hint"":"""",""incorrect_message"":"""",""modifier"":""0.000"",""modifier_type"":""A"",""variant_name"":""Black \/ Green""},{""option_id"":""24"",""product_id"":""249"",""company_id"":""1"",""option_type"":""S"",""inventory"":""Y"",""regexp"":"""",""required"":""N"",""multiupload"":""N"",""allowed_extensions"":"""",""max_file_size"":""0"",""missing_variants_handling"":""M"",""status"":""A"",""position"":""10"",""value"":""94"",""option_name"":""International"",""option_text"":"""",""description"":"""",""inner_hint"":"""",""incorrect_message"":"""",""modifier"":""0.000"",""modifier_type"":""A"",""variant_name"":""US""},{""option_id"":""25"",""product_id"":""249"",""company_id"":""1"",""option_type"":""S"",""inventory"":""Y"",""regexp"":"""",""required"":""N"",""multiupload"":""N"",""allowed_extensions"":"""",""max_file_size"":""0"",""missing_variants_handling"":""M"",""status"":""A"",""position"":""60"",""value"":""100"",""option_name"":""Shoes size"",""option_text"":"""",""description"":"""",""inner_hint"":"""",""incorrect_message"":"""",""modifier"":""0.000"",""modifier_type"":""A"",""variant_name"":""8.5""}]}"
"130";"2908394599";"249";"BRO120182490";"189.00";"1";"{""product_options"":{""104"":""568"",""24"":""94"",""25"":""99""},""unlimited_download"":""N"",""product"":""BROOKS W Ravenna 6 D width"",""company_id"":""1"",""is_edp"":""N"",""edp_shipping"":""N"",""discount"":""0"",""base_price"":""189"",""stored_price"":""N"",""product_options_value"":[{""option_id"":""104"",""product_id"":""249"",""company_id"":""1"",""option_type"":""S"",""inventory"":""Y"",""regexp"":"""",""required"":""N"",""multiupload"":""N"",""allowed_extensions"":"""",""max_file_size"":""0"",""missing_variants_handling"":""M"",""status"":""A"",""position"":""5"",""value"":""568"",""option_name"":""Colour"",""option_text"":"""",""description"":"""",""inner_hint"":"""",""incorrect_message"":"""",""modifier"":""0.000"",""modifier_type"":""A"",""variant_name"":""Black \/ Green""},{""option_id"":""24"",""product_id"":""249"",""company_id"":""1"",""option_type"":""S"",""inventory"":""Y"",""regexp"":"""",""required"":""N"",""multiupload"":""N"",""allowed_extensions"":"""",""max_file_size"":""0"",""missing_variants_handling"":""M"",""status"":""A"",""position"":""10"",""value"":""94"",""option_name"":""International"",""option_text"":"""",""description"":"""",""inner_hint"":"""",""incorrect_message"":"""",""modifier"":""0.000"",""modifier_type"":""A"",""variant_name"":""US""},{""option_id"":""25"",""product_id"":""249"",""company_id"":""1"",""option_type"":""S"",""inventory"":""Y"",""regexp"":"""",""required"":""N"",""multiupload"":""N"",""allowed_extensions"":"""",""max_file_size"":""0"",""missing_variants_handling"":""M"",""status"":""A"",""position"":""50"",""value"":""99"",""option_name"":""Shoes size"",""option_text"":"""",""description"":"""",""inner_hint"":"""",""incorrect_message"":"""",""modifier"":""0.000"",""modifier_type"":""A"",""variant_name"":""8""}]}"
"130";"2835871791";"249";"BRO120182490";"189.00";"2";"{""product_options"":{""104"":""568"",""24"":""94"",""25"":""103""},""unlimited_download"":""N"",""product"":""BROOKS W Ravenna 6 D width"",""company_id"":""1"",""is_edp"":""N"",""edp_shipping"":""N"",""discount"":""0"",""base_price"":""189"",""stored_price"":""N"",""product_options_value"":[{""option_id"":""104"",""product_id"":""249"",""company_id"":""1"",""option_type"":""S"",""inventory"":""Y"",""regexp"":"""",""required"":""N"",""multiupload"":""N"",""allowed_extensions"":"""",""max_file_size"":""0"",""missing_variants_handling"":""M"",""status"":""A"",""position"":""5"",""value"":""568"",""option_name"":""Colour"",""option_text"":"""",""description"":"""",""inner_hint"":"""",""incorrect_message"":"""",""modifier"":""0.000"",""modifier_type"":""A"",""variant_name"":""Black \/ Green""},{""option_id"":""24"",""product_id"":""249"",""company_id"":""1"",""option_type"":""S"",""inventory"":""Y"",""regexp"":"""",""required"":""N"",""multiupload"":""N"",""allowed_extensions"":"""",""max_file_size"":""0"",""missing_variants_handling"":""M"",""status"":""A"",""position"":""10"",""value"":""94"",""option_name"":""International"",""option_text"":"""",""description"":"""",""inner_hint"":"""",""incorrect_message"":"""",""modifier"":""0.000"",""modifier_type"":""A"",""variant_name"":""US""},{""option_id"":""25"",""product_id"":""249"",""company_id"":""1"",""option_type"":""S"",""inventory"":""Y"",""regexp"":"""",""required"":""N"",""multiupload"":""N"",""allowed_extensions"":"""",""max_file_size"":""0"",""missing_variants_handling"":""M"",""status"":""A"",""position"":""90"",""value"":""103"",""option_name"":""Shoes size"",""option_text"":"""",""description"":"""",""inner_hint"":"""",""incorrect_message"":"""",""modifier"":""0.000"",""modifier_type"":""A"",""variant_name"":""10""}]}"
"130";"308947462";"249";"BRO120182490";"189.00";"5";"{""product_options"":{""104"":""568"",""24"":""94"",""25"":""97""},""unlimited_download"":""N"",""product"":""BROOKS W Ravenna 6 D width"",""company_id"":""1"",""is_edp"":""N"",""edp_shipping"":""N"",""discount"":""0"",""base_price"":""189"",""stored_price"":""N"",""product_options_value"":[{""option_id"":""104"",""product_id"":""249"",""company_id"":""1"",""option_type"":""S"",""inventory"":""Y"",""regexp"":"""",""required"":""N"",""multiupload"":""N"",""allowed_extensions"":"""",""max_file_size"":""0"",""missing_variants_handling"":""M"",""status"":""A"",""position"":""5"",""value"":""568"",""option_name"":""Colour"",""option_text"":"""",""description"":"""",""inner_hint"":"""",""incorrect_message"":"""",""modifier"":""0.000"",""modifier_type"":""A"",""variant_name"":""Black \/ Green""},{""option_id"":""24"",""product_id"":""249"",""company_id"":""1"",""option_type"":""S"",""inventory"":""Y"",""regexp"":"""",""required"":""N"",""multiupload"":""N"",""allowed_extensions"":"""",""max_file_size"":""0"",""missing_variants_handling"":""M"",""status"":""A"",""position"":""10"",""value"":""94"",""option_name"":""International"",""option_text"":"""",""description"":"""",""inner_hint"":"""",""incorrect_message"":"""",""modifier"":""0.000"",""modifier_type"":""A"",""variant_name"":""US""},{""option_id"":""25"",""product_id"":""249"",""company_id"":""1"",""option_type"":""S"",""inventory"":""Y"",""regexp"":"""",""required"":""N"",""multiupload"":""N"",""allowed_extensions"":"""",""max_file_size"":""0"",""missing_variants_handling"":""M"",""status"":""A"",""position"":""30"",""value"":""97"",""option_name"":""Shoes size"",""option_text"":"""",""description"":"""",""inner_hint"":"""",""incorrect_message"":"""",""modifier"":""0.000"",""modifier_type"":""A"",""variant_name"":""7""}]}"
