Product code;Language;Product id;Category;List price;Price;Weight;Quantity;Min quantity;List qty count;Shipping freight;Date added;Inventory tracking;Free shipping;Feature comparison;Zero price action;Thumbnail;Detailed image;Product name;Description;Meta keywords;Meta description;Search words;Page title;Taxes;Features;Options;Secondary categories;Short description;Status;Image URL;Detailed image URL;Analogue tags
"BRO120161124";"en";"1070";"Women";"189.00";"189.00";"0.50";"10";"0";"0";"0.00";"04 Aug 2015 00:00:00";"O";"N";"N";"R";"";"exim/backup/images/bro120161124_1.jpg#{[en]:;}";"BROOKS W Ghost 7";"";"BROOKS W Ghost 7";"BROOKS W Ghost 7";"BROOKS W Ghost 7";"BROOKS W Ghost 7";"GST";"Brand: E[BROOKS]";"(Sportslink) International: S[US]; (Sportslink) Shoe Size: S[6,6.5,7,7.5,8,8.5,9,9.5]";"Brands///Brooks///Women's RUNNING; Brands///Brooks; Women///Footwear///Running; Women///Footwear";"";"A";"http://lostcom.us/sportslinkshop/images/detailed/2/bro120161124_1.jpg";"http://lostcom.us/sportslinkshop/images/detailed/2/bro120161124_1.jpg";"BROOKS W Ghost 7"
"BRO120174068";"en";"1071";"Women";"199.00";"199.00";"0.50";"10";"0";"0";"0.00";"04 Aug 2015 00:00:00";"O";"N";"N";"R";"";"exim/backup/images/bro120174068_1.jpg#{[en]:;}";"BROOKS W Adrenaline GTS 15";"";"BROOKS W Adrenaline GTS 15";"BROOKS W Adrenaline GTS 15";"BROOKS W Adrenaline GTS 15";"BROOKS W Adrenaline GTS 15";"GST";"Brand: E[BROOKS]";"(Sportslink) International: S[US]; (Sportslink) Shoe Size: S[6,6.5,7,7.5,8,8.5,9,9.5]";"Brands///Brooks///Women's RUNNING; Brands///Brooks; Women///Footwear///Running; Women///Footwear";"";"A";"http://lostcom.us/sportslinkshop/images/detailed/2/bro120174068_1.jpg";"http://lostcom.us/sportslinkshop/images/detailed/2/bro120174068_1.jpg";"BROOKS W Adrenaline GTS 15"
"ASITH471L6703";"en";"1069";"Men";"119.00";"119.00";"0.50";"10";"0";"0";"0.00";"04 Aug 2015 00:00:00";"O";"N";"N";"R";"";"exim/backup/images/asith471l6703_1.jpg#{[en]:;}";"ONITSUKA TIGER Serrano";"<p>Inspired by the revolutionary track spikes of the 1970's, the Serrano&trade; carries on the racing tradition of Onitsuka Tiger® - The Champion of Sport Shoes.</p>";"ONITSUKA TIGER Serrano";"ONITSUKA TIGER Serrano";"ONITSUKA TIGER Serrano";"ONITSUKA TIGER Serrano";"GST";"Brand: E[ONITSUKA TIGER]";"(Sportslink) International: S[JPN]; (Sportslink) Shoe Size: S[22.5,23,23.5,24,24.5,25,25.5,26,26.5,27]";"Brands///Onitsuka Tiger///Men's LIFESTYLE; Brands///Onitsuka Tiger; Men///Footwear///Lifestyle; Men///Footwear";"";"A";"http://lostcom.us/sportslinkshop/images/detailed/2/asith471l6703_1.jpg";"http://lostcom.us/sportslinkshop/images/detailed/2/asith471l6703_1.jpg";"ONITSUKA TIGER Serrano"
"ASITH110N0150";"en";"1058";"Men";"149.00";"149.00";"0.50";"10";"0";"0";"0.00";"04 Aug 2015 00:00:00";"O";"N";"N";"R";"";"exim/backup/images/asith110n0150_1.jpg#{[en]:;}";"ONITSUKA TIGER California 78 Vin";"<p>In 1978 the California 78 VIN was crafted to compete with the latest craze of jogging in the runner’s market to assist joggers in maintaining the arch of their feet, while simultaneously offering toe support. In line of the revolutionary support, the sole also featured a wider heel for a balanced landing and curved to aid in a more forward motion. The traditional runner features the original overall aesthetic, incorporating a yellowed rubber midsole and nylon upper, keeping the nostalgia of this shoe alive and well. Also adding to the vintage appearance is suede toecap, eyestay and heel tab.</p>";"ONITSUKA TIGER California 78 Vin";"ONITSUKA TIGER California 78 Vin";"ONITSUKA TIGER California 78 Vin";"ONITSUKA TIGER California 78 Vin";"GST";"Brand: E[ONITSUKA TIGER]";"(Sportslink) International: S[JPN]; (Sportslink) Shoe Size: S[22.5,23,23.5,24,24.5,25,25.5,26,26.5,27]";"Brands///Onitsuka Tiger; Brands///Onitsuka Tiger///Men's LIFESTYLE; Men///Footwear; Men///Footwear///Lifestyle";"";"A";"http://lostcom.us/sportslinkshop/images/detailed/2/asith110n0150_1.jpg";"http://lostcom.us/sportslinkshop/images/detailed/2/asith110n0150_1.jpg";"ONITSUKA TIGER California 78 Vin"
"ASITH110N4623";"en";"1059";"Men";"149.00";"149.00";"0.50";"10";"0";"0";"0.00";"04 Aug 2015 00:00:00";"O";"N";"N";"R";"";"exim/backup/images/asith110n4623_1.jpg#{[en]:;}";"ONITSUKA TIGER California 78 Vin";"<p>In 1978 the California 78 VIN was crafted to compete with the latest craze of jogging in the runner’s market to assist joggers in maintaining the arch of their feet, while simultaneously offering toe support. In line of the revolutionary support, the sole also featured a wider heel for a balanced landing and curved to aid in a more forward motion. The traditional runner features the original overall aesthetic, incorporating a yellowed rubber midsole and nylon upper, keeping the nostalgia of this shoe alive and well. Also adding to the vintage appearance is suede toecap, eyestay and heel tab.</p>";"ONITSUKA TIGER California 78 Vin";"ONITSUKA TIGER California 78 Vin";"ONITSUKA TIGER California 78 Vin";"ONITSUKA TIGER California 78 Vin";"GST";"Brand: E[ONITSUKA TIGER]";"(Sportslink) International: S[JPN]; (Sportslink) Shoe Size: S[22.5,23,23.5,24,24.5,25,25.5,26,26.5,27]";"Brands///Onitsuka Tiger; Brands///Onitsuka Tiger///Men's LIFESTYLE; Men///Footwear; Men///Footwear///Lifestyle";"";"A";"http://lostcom.us/sportslinkshop/images/detailed/2/asith110n4623_1.jpg";"http://lostcom.us/sportslinkshop/images/detailed/2/asith110n4623_1.jpg";"ONITSUKA TIGER California 78 Vin"
"ASITH110N9301";"en";"1060";"Men";"149.00";"149.00";"0.50";"10";"0";"0";"0.00";"04 Aug 2015 00:00:00";"O";"N";"N";"R";"";"exim/backup/images/asith110n9301_1.jpg#{[en]:;}";"ONITSUKA TIGER California 78 Vin";"<p>In 1978 the California 78 VIN was crafted to compete with the latest craze of jogging in the runner’s market to assist joggers in maintaining the arch of their feet, while simultaneously offering toe support. In line of the revolutionary support, the sole also featured a wider heel for a balanced landing and curved to aid in a more forward motion. The traditional runner features the original overall aesthetic, incorporating a yellowed rubber midsole and nylon upper, keeping the nostalgia of this shoe alive and well. Also adding to the vintage appearance is suede toecap, eyestay and heel tab.</p>";"ONITSUKA TIGER California 78 Vin";"ONITSUKA TIGER California 78 Vin";"ONITSUKA TIGER California 78 Vin";"ONITSUKA TIGER California 78 Vin";"GST";"Brand: E[ONITSUKA TIGER]";"(Sportslink) International: S[JPN]; (Sportslink) Shoe Size: S[22.5,23,23.5,24,24.5,25,25.5,26,26.5,27]";"Brands///Onitsuka Tiger; Brands///Onitsuka Tiger///Men's LIFESTYLE; Men///Footwear; Men///Footwear///Lifestyle";"";"A";"http://lostcom.us/sportslinkshop/images/detailed/2/asith110n9301_1.jpg";"http://lostcom.us/sportslinkshop/images/detailed/2/asith110n9301_1.jpg";"ONITSUKA TIGER California 78 Vin"
"ASITH110N9490";"en";"1061";"Men";"149.00";"149.00";"0.50";"10";"0";"0";"0.00";"04 Aug 2015 00:00:00";"O";"N";"N";"R";"";"exim/backup/images/asith110n9490_1.jpg#{[en]:;}";"ONITSUKA TIGER California 78 Vin";"<p>In 1978 the California 78 VIN was crafted to compete with the latest craze of jogging in the runner’s market to assist joggers in maintaining the arch of their feet, while simultaneously offering toe support. In line of the revolutionary support, the sole also featured a wider heel for a balanced landing and curved to aid in a more forward motion. The traditional runner features the original overall aesthetic, incorporating a yellowed rubber midsole and nylon upper, keeping the nostalgia of this shoe alive and well. Also adding to the vintage appearance is suede toecap, eyestay and heel tab.</p>";"ONITSUKA TIGER California 78 Vin";"ONITSUKA TIGER California 78 Vin";"ONITSUKA TIGER California 78 Vin";"ONITSUKA TIGER California 78 Vin";"GST";"Brand: E[ONITSUKA TIGER]";"(Sportslink) International: S[JPN]; (Sportslink) Shoe Size: S[22.5,23,23.5,24,24.5,25,25.5,26,26.5,27]";"Brands///Onitsuka Tiger; Brands///Onitsuka Tiger///Men's LIFESTYLE; Men///Footwear; Men///Footwear///Lifestyle";"";"A";"http://lostcom.us/sportslinkshop/images/detailed/2/asith110n9490_1.jpg";"http://lostcom.us/sportslinkshop/images/detailed/2/asith110n9490_1.jpg";"ONITSUKA TIGER California 78 Vin"
"ASITH3K0N1389";"en";"1062";"Men";"129.00";"129.00";"0.50";"10";"0";"0";"0.00";"04 Aug 2015 00:00:00";"O";"N";"N";"R";"";"exim/backup/images/asith3k0n1389_1.jpg#{[en]:;}";"ONITSUKA TIGER Mexico 66 Slip On";"<p>The iconic Mexico 66 was born in 1966 and debuted at the 1968 Olympic games pre-trials in Mexico with a premium white leather, stitched with red and blue tiger stripes. Today, the classic runner has been reawakened and remains to be the most popular shoe in the Onitsuka Tiger collection. Since its revival, the heritage racer gets the full-grain leather treatment on the side panels and tiger stripes, while the heel and toecap are finished off with a smooth suede, accompanied by a natural leather heel tab, branded with the Onitsuka Tiger emblem.</p>";"ONITSUKA TIGER Mexico 66 Slip On";"ONITSUKA TIGER Mexico 66 Slip On";"ONITSUKA TIGER Mexico 66 Slip On";"ONITSUKA TIGER Mexico 66 Slip On";"GST";"Brand: E[ONITSUKA TIGER]";"(Sportslink) International: S[JPN]; (Sportslink) Shoe Size: S[22.5,23,23.5,24,24.5,25,25.5,26,26.5,27]";"Brands///Onitsuka Tiger; Brands///Onitsuka Tiger///Men's LIFESTYLE; Men///Footwear; Men///Footwear///Lifestyle";"";"A";"http://lostcom.us/sportslinkshop/images/detailed/2/asith3k0n1389_1.jpg";"http://lostcom.us/sportslinkshop/images/detailed/2/asith3k0n1389_1.jpg";"ONITSUKA TIGER Mexico 66 Slip On"
"ASITH3K0N2001";"en";"1063";"Men";"129.00";"129.00";"0.50";"10";"0";"0";"0.00";"04 Aug 2015 00:00:00";"O";"N";"N";"R";"";"exim/backup/images/asith3k0n2001_1.jpg#{[en]:;}";"ONITSUKA TIGER Mexico 66 Slip On";"<p>The iconic Mexico 66 was born in 1966 and debuted at the 1968 Olympic games pre-trials in Mexico with a premium white leather, stitched with red and blue tiger stripes. Today, the classic runner has been reawakened and remains to be the most popular shoe in the Onitsuka Tiger collection. Since its revival, the heritage racer gets the full-grain leather treatment on the side panels and tiger stripes, while the heel and toecap are finished off with a smooth suede, accompanied by a natural leather heel tab, branded with the Onitsuka Tiger emblem.</p>";"ONITSUKA TIGER Mexico 66 Slip On";"ONITSUKA TIGER Mexico 66 Slip On";"ONITSUKA TIGER Mexico 66 Slip On";"ONITSUKA TIGER Mexico 66 Slip On";"GST";"Brand: E[ONITSUKA TIGER]";"(Sportslink) International: S[JPN]; (Sportslink) Shoe Size: S[22.5,23,23.5,24,24.5,25,25.5,26,26.5,27]";"Brands///Onitsuka Tiger; Brands///Onitsuka Tiger///Men's LIFESTYLE; Men///Footwear; Men///Footwear///Lifestyle";"";"A";"http://lostcom.us/sportslinkshop/images/detailed/2/asith3k0n2001_1.jpg";"http://lostcom.us/sportslinkshop/images/detailed/2/asith3k0n2001_1.jpg";"ONITSUKA TIGER Mexico 66 Slip On"
"ASITH3Q0Y0301";"en";"1064";"Men";"109.00";"109.00";"0.50";"10";"0";"0";"0.00";"04 Aug 2015 00:00:00";"O";"N";"N";"R";"";"exim/backup/images/asith3q0y0301_1.jpg#{[en]:;}";"ONITSUKA TIGER Asist";"";"ONITSUKA TIGER Asist";"ONITSUKA TIGER Asist";"ONITSUKA TIGER Asist";"ONITSUKA TIGER Asist";"GST";"Brand: E[ONITSUKA TIGER]";"(Sportslink) International: S[JPN]; (Sportslink) Shoe Size: S[22.5,23,23.5,24,24.5,25,25.5,26,26.5,27]";"Brands///Onitsuka Tiger; Brands///Onitsuka Tiger///Men's LIFESTYLE; Men///Footwear; Men///Footwear///Lifestyle";"";"A";"http://lostcom.us/sportslinkshop/images/detailed/2/asith3q0y0301_1.jpg";"http://lostcom.us/sportslinkshop/images/detailed/2/asith3q0y0301_1.jpg";"ONITSUKA TIGER Asist"
"ASITH3V3L2511";"en";"1065";"Men";"169.00";"169.00";"0.50";"10";"0";"0";"0.00";"04 Aug 2015 00:00:00";"O";"N";"N";"R";"";"exim/backup/images/asith3v3l2511_1.jpg#{[en]:;}";"ONITSUKA TIGER Mexico 66";"<p>The iconic Mexico 66 was born in 1966 and debuted at the 1968 Olympic games pre-trials in Mexico with a premium white leather, stitched with red and blue tiger stripes. Today, the classic runner has been reawakened and remains to be the most popular shoe in the Onitsuka Tiger collection. Since its revival, the heritage racer gets the full-grain leather treatment on the side panels and tiger stripes, while the heel and toecap are finished off with a smooth suede, accompanied by a natural leather heel tab, branded with the Onitsuka Tiger emblem.</p>";"ONITSUKA TIGER Mexico 66";"ONITSUKA TIGER Mexico 66";"ONITSUKA TIGER Mexico 66";"ONITSUKA TIGER Mexico 66";"GST";"Brand: E[ONITSUKA TIGER]";"(Sportslink) International: S[JPN]; (Sportslink) Shoe Size: S[22.5,23,23.5,24,24.5,25,25.5,26,26.5,27]";"Brands///Onitsuka Tiger; Brands///Onitsuka Tiger///Men's LIFESTYLE; Men///Footwear; Men///Footwear///Lifestyle";"";"A";"http://lostcom.us/sportslinkshop/images/detailed/2/asith3v3l2511_1.jpg";"http://lostcom.us/sportslinkshop/images/detailed/2/asith3v3l2511_1.jpg";"ONITSUKA TIGER Mexico 66"
"ASITH327Y4209";"en";"1066";"Men";"119.00";"119.00";"0.50";"10";"0";"0";"0.00";"04 Aug 2015 00:00:00";"O";"N";"N";"R";"";"exim/backup/images/asith327y4209_1.jpg#{[en]:;}";"ONITSUKA TIGER Rio Runner";"";"ONITSUKA TIGER Rio Runner";"ONITSUKA TIGER Rio Runner";"ONITSUKA TIGER Rio Runner";"ONITSUKA TIGER Rio Runner";"GST";"Brand: E[ONITSUKA TIGER]";"(Sportslink) International: S[JPN]; (Sportslink) Shoe Size: S[22.5,23,23.5,24,24.5,25,25.5,26,26.5,27]";"Brands///Onitsuka Tiger; Brands///Onitsuka Tiger///Men's LIFESTYLE; Men///Footwear; Men///Footwear///Lifestyle";"";"A";"http://lostcom.us/sportslinkshop/images/detailed/2/asith327y4209_1.jpg";"http://lostcom.us/sportslinkshop/images/detailed/2/asith327y4209_1.jpg";"ONITSUKA TIGER Rio Runner"
"ASITH430L2550";"en";"1067";"Men";"139.00";"139.00";"0.50";"10";"0";"0";"0.00";"04 Aug 2015 00:00:00";"O";"N";"N";"R";"";"exim/backup/images/asith430l2550_1.jpg#{[en]:;}";"ONITSUKA TIGER T Stormer";"";"ONITSUKA TIGER T Stormer";"ONITSUKA TIGER T Stormer";"ONITSUKA TIGER T Stormer";"ONITSUKA TIGER T Stormer";"GST";"Brand: E[ONITSUKA TIGER]";"(Sportslink) International: S[JPN]; (Sportslink) Shoe Size: S[22.5,23,23.5,24,24.5,25,25.5,26,26.5,27]";"Brands///Onitsuka Tiger; Brands///Onitsuka Tiger///Men's LIFESTYLE; Men///Footwear; Men///Footwear///Lifestyle";"";"A";"http://lostcom.us/sportslinkshop/images/detailed/2/asith430l2550_1.jpg";"http://lostcom.us/sportslinkshop/images/detailed/2/asith430l2550_1.jpg";"ONITSUKA TIGER T Stormer"
"ASITH430L5005";"en";"1068";"Men";"139.00";"139.00";"0.50";"10";"0";"0";"0.00";"04 Aug 2015 00:00:00";"O";"N";"N";"R";"";"exim/backup/images/asith430l5005_1.jpg#{[en]:;}";"ONITSUKA TIGER T Stormer";"";"ONITSUKA TIGER T Stormer";"ONITSUKA TIGER T Stormer";"ONITSUKA TIGER T Stormer";"ONITSUKA TIGER T Stormer";"GST";"Brand: E[ONITSUKA TIGER]";"(Sportslink) International: S[JPN]; (Sportslink) Shoe Size: S[22.5,23,23.5,24,24.5,25,25.5,26,26.5,27]";"Brands///Onitsuka Tiger///Men's LIFESTYLE; Brands///Onitsuka Tiger; Men///Footwear///Lifestyle; Men///Footwear";"";"A";"http://lostcom.us/sportslinkshop/images/detailed/2/asith430l5005_1.jpg";"http://lostcom.us/sportslinkshop/images/detailed/2/asith430l5005_1.jpg";"ONITSUKA TIGER T Stormer"
"BRO120176051";"en";"1003";"Women";"169.00";"169.00";"0.50";"10";"0";"0";"0.00";"04 Aug 2015 00:00:00";"O";"N";"N";"R";"";"exim/backup/images/bro120176051_1.jpg#{[en]:;}";"BROOKS W Pure Connect 4";"";"BROOKS W Pure Connect 4";"BROOKS W Pure Connect 4";"BROOKS W Pure Connect 4";"BROOKS W Pure Connect 4";"GST";"Brand: E[BROOKS]";"(Sportslink) International: S[US]; (Sportslink) Shoe Size: S[6,6.5,7,7.5,8,8.5,9,9.5]";"Brands///Brooks///Women's RUNNING; Brands///Brooks; Women///Footwear///Running; Women///Footwear";"";"A";"http://lostcom.us/sportslinkshop/images/detailed/2/bro120176051_1.jpg";"http://lostcom.us/sportslinkshop/images/detailed/2/bro120176051_1.jpg";"BROOKS W Pure Connect 4"
"BRO120175559";"en";"1004";"Women";"199.00";"199.00";"0.50";"10";"0";"0";"0.00";"04 Aug 2015 00:00:00";"O";"N";"N";"R";"";"exim/backup/images/bro120175559_1.jpg#{[en]:;}";"BROOKS W Pure Cadence 4";"";"BROOKS W Pure Cadence 4";"BROOKS W Pure Cadence 4";"BROOKS W Pure Cadence 4";"BROOKS W Pure Cadence 4";"GST";"Brand: E[BROOKS]";"(Sportslink) International: S[US]; (Sportslink) Shoe Size: S[6,6.5,7,7.5,8,8.5,9,9.5]";"Brands///Brooks///Women's RUNNING; Brands///Brooks; Women///Footwear///Running; Women///Footwear";"";"A";"http://lostcom.us/sportslinkshop/images/detailed/2/bro120175559_1.jpg";"http://lostcom.us/sportslinkshop/images/detailed/2/bro120175559_1.jpg";"BROOKS W Pure Cadence 4"
"BRO120174458";"en";"1005";"Women";"199.00";"199.00";"0.50";"10";"0";"0";"0.00";"04 Aug 2015 00:00:00";"O";"N";"N";"R";"";"exim/backup/images/bro120174458_1.jpg#{[en]:;}";"BROOKS W Adrenaline GTS 15 Dwidth";"";"BROOKS W Adrenaline GTS 15 Dwidth";"BROOKS W Adrenaline GTS 15 Dwidth";"BROOKS W Adrenaline GTS 15 Dwidth";"BROOKS W Adrenaline GTS 15 Dwidth";"GST";"Brand: E[BROOKS]";"(Sportslink) International: S[US]; (Sportslink) Shoe Size: S[6,6.5,7,7.5,8,8.5,9,9.5]";"Brands///Brooks///Women's RUNNING; Brands///Brooks; Women///Footwear///Running; Women///Footwear";"";"A";"http://lostcom.us/sportslinkshop/images/detailed/2/bro120174458_1.jpg";"http://lostcom.us/sportslinkshop/images/detailed/2/bro120174458_1.jpg";"BROOKS W Adrenaline GTS 15 Dwidth"
"BRO120175052";"en";"1006";"Women";"199.00";"199.00";"0.50";"10";"0";"0";"0.00";"04 Aug 2015 00:00:00";"O";"N";"N";"R";"";"exim/backup/images/bro120175052_1.jpg#{[en]:;}";"BROOKS W Pure Cadence 4";"";"BROOKS W Pure Cadence 4";"BROOKS W Pure Cadence 4";"BROOKS W Pure Cadence 4";"BROOKS W Pure Cadence 4";"GST";"Brand: E[BROOKS]";"(Sportslink) International: S[US]; (Sportslink) Shoe Size: S[6,6.5,7,7.5,8,8.5,9,9.5]";"Brands///Brooks///Women's RUNNING; Brands///Brooks; Women///Footwear///Running; Women///Footwear";"";"A";"http://lostcom.us/sportslinkshop/images/detailed/2/bro120175052_1.jpg";"http://lostcom.us/sportslinkshop/images/detailed/2/bro120175052_1.jpg";"BROOKS W Pure Cadence 4"
"BRO120176587";"en";"1007";"Women";"169.00";"169.00";"0.50";"10";"0";"0";"0.00";"04 Aug 2015 00:00:00";"O";"N";"N";"R";"";"exim/backup/images/bro120176587_1.jpg#{[en]:;}";"BROOKS W Pure Connect 4";"";"BROOKS W Pure Connect 4";"BROOKS W Pure Connect 4";"BROOKS W Pure Connect 4";"BROOKS W Pure Connect 4";"GST";"Brand: E[BROOKS]";"(Sportslink) International: S[US]; (Sportslink) Shoe Size: S[6,6.5,7,7.5,8,8.5,9,9.5]";"Brands///Brooks///Women's RUNNING; Brands///Brooks; Women///Footwear///Running; Women///Footwear";"";"A";"http://lostcom.us/sportslinkshop/images/detailed/2/bro120176587_1.jpg";"http://lostcom.us/sportslinkshop/images/detailed/2/bro120176587_1.jpg";"BROOKS W Pure Connect 4"
"BRO120178302";"en";"1008";"Women";"169.00";"169.00";"0.50";"10";"0";"0";"0.00";"04 Aug 2015 00:00:00";"O";"N";"N";"R";"";"exim/backup/images/bro120178302_1.jpg#{[en]:;}";"BROOKS W Launch2";"";"BROOKS W Launch2";"BROOKS W Launch2";"BROOKS W Launch2";"BROOKS W Launch2";"GST";"Brand: E[BROOKS]";"(Sportslink) International: S[US]; (Sportslink) Shoe Size: S[6,6.5,7,7.5,8,8.5,9,9.5]";"Brands///Brooks///Women's RUNNING; Brands///Brooks; Women///Footwear///Running; Women///Footwear";"";"A";"http://lostcom.us/sportslinkshop/images/detailed/2/bro120178302_1.jpg";"http://lostcom.us/sportslinkshop/images/detailed/2/bro120178302_1.jpg";"BROOKS W Launch2"
"BRO120178635";"en";"1009";"Women";"169.00";"169.00";"0.50";"10";"0";"0";"0.00";"04 Aug 2015 00:00:00";"O";"N";"N";"R";"";"exim/backup/images/bro120178635_1.jpg#{[en]:;}";"BROOKS W Launch2";"";"BROOKS W Launch2";"BROOKS W Launch2";"BROOKS W Launch2";"BROOKS W Launch2";"GST";"Brand: E[BROOKS]";"(Sportslink) International: S[US]; (Sportslink) Shoe Size: S[6,6.5,7,7.5,8,8.5,9,9.5]";"Brands///Brooks///Women's RUNNING; Brands///Brooks; Women///Footwear///Running; Women///Footwear";"";"A";"http://lostcom.us/sportslinkshop/images/detailed/2/bro120178635_1.jpg";"http://lostcom.us/sportslinkshop/images/detailed/2/bro120178635_1.jpg";"BROOKS W Launch2"
"BRO120181424";"en";"1010";"Women";"179.00";"179.00";"0.50";"10";"0";"0";"0.00";"04 Aug 2015 00:00:00";"O";"N";"N";"R";"";"exim/backup/images/bro120181424_1.jpg#{[en]:;}";"BROOKS W Cascadia 10";"";"BROOKS W Cascadia 10";"BROOKS W Cascadia 10";"BROOKS W Cascadia 10";"BROOKS W Cascadia 10";"GST";"Brand: E[BROOKS]";"(Sportslink) International: S[US]; (Sportslink) Shoe Size: S[6,6.5,7,7.5,8,8.5,9,9.5]";"Brands///Brooks; Brands///Brooks///Women's RUNNING; Women///Footwear; Women///Footwear///Running";"";"A";"http://lostcom.us/sportslinkshop/images/detailed/2/bro120181424_1.jpg";"http://lostcom.us/sportslinkshop/images/detailed/2/bro120181424_1.jpg";"BROOKS W Cascadia 10"
"BRO120181624";"en";"1011";"Women";"179.00";"179.00";"0.50";"10";"0";"0";"0.00";"04 Aug 2015 00:00:00";"O";"N";"N";"R";"";"exim/backup/images/bro120181624_1.jpg#{[en]:;}";"BROOKS W Cascadia 10";"";"BROOKS W Cascadia 10";"BROOKS W Cascadia 10";"BROOKS W Cascadia 10";"BROOKS W Cascadia 10";"GST";"Brand: E[BROOKS]";"(Sportslink) International: S[US]; (Sportslink) Shoe Size: S[6,6.5,7,7.5,8,8.5,9,9.5]";"Brands///Brooks///Women's RUNNING; Brands///Brooks; Women///Footwear///Running; Women///Footwear";"";"A";"http://lostcom.us/sportslinkshop/images/detailed/2/bro120181624_1.jpg";"http://lostcom.us/sportslinkshop/images/detailed/2/bro120181624_1.jpg";"BROOKS W Cascadia 10"
"BRO120182157";"en";"1012";"Women";"189.00";"189.00";"0.50";"10";"0";"0";"0.00";"04 Aug 2015 00:00:00";"O";"N";"N";"R";"";"exim/backup/images/bro120182157_1.jpg#{[en]:;}";"BROOKS W Ravenna 6 D width";"";"BROOKS W Ravenna 6 D width";"BROOKS W Ravenna 6 D width";"BROOKS W Ravenna 6 D width";"BROOKS W Ravenna 6 D width";"GST";"Brand: E[BROOKS]";"(Sportslink) International: S[US]; (Sportslink) Shoe Size: S[6,6.5,7,7.5,8,8.5,9,9.5]";"Brands///Brooks///Women's RUNNING; Brands///Brooks; Women///Footwear///Running; Women///Footwear";"";"A";"http://lostcom.us/sportslinkshop/images/detailed/2/bro120182157_1.jpg";"http://lostcom.us/sportslinkshop/images/detailed/2/bro120182157_1.jpg";"BROOKS W Ravenna 6 D width"
"BRO120182490";"en";"1013";"Women";"189.00";"189.00";"0.50";"10";"0";"0";"0.00";"04 Aug 2015 00:00:00";"O";"N";"N";"R";"";"exim/backup/images/bro120182490_1.jpg#{[en]:;}";"BROOKS W Ravenna 6 D width";"";"BROOKS W Ravenna 6 D width";"BROOKS W Ravenna 6 D width";"BROOKS W Ravenna 6 D width";"BROOKS W Ravenna 6 D width";"GST";"Brand: E[BROOKS]";"(Sportslink) International: S[US]; (Sportslink) Shoe Size: S[6,6.5,7,7.5,8,8.5,9,9.5]";"Brands///Brooks///Women's RUNNING; Brands///Brooks; Women///Footwear///Running; Women///Footwear";"";"A";"http://lostcom.us/sportslinkshop/images/detailed/2/bro120182490_1.jpg";"http://lostcom.us/sportslinkshop/images/detailed/2/bro120182490_1.jpg";"BROOKS W Ravenna 6 D width"
"BRO120182657";"en";"1014";"Women";"189.00";"189.00";"0.50";"10";"0";"0";"0.00";"04 Aug 2015 00:00:00";"O";"N";"N";"R";"";"exim/backup/images/bro120182657_1.jpg#{[en]:;}";"BROOKS W Ravenna 6 D width";"";"BROOKS W Ravenna 6 D width";"BROOKS W Ravenna 6 D width";"BROOKS W Ravenna 6 D width";"BROOKS W Ravenna 6 D width";"GST";"Brand: E[BROOKS]";"(Sportslink) International: S[US]; (Sportslink) Shoe Size: S[6,6.5,7,7.5,8,8.5,9,9.5]";"Brands///Brooks; Brands///Brooks///Women's RUNNING; Women///Footwear; Women///Footwear///Running";"";"A";"http://lostcom.us/sportslinkshop/images/detailed/2/bro120182657_1.jpg";"http://lostcom.us/sportslinkshop/images/detailed/2/bro120182657_1.jpg";"BROOKS W Ravenna 6 D width"
"BRO120183436";"en";"1015";"Women";"279.00";"279.00";"0.50";"10";"0";"0";"0.00";"04 Aug 2015 00:00:00";"O";"N";"N";"R";"";"exim/backup/images/bro120183436_1.jpg#{[en]:;}";"BROOKS W Transcend 2";"";"BROOKS W Transcend 2";"BROOKS W Transcend 2";"BROOKS W Transcend 2";"BROOKS W Transcend 2";"GST";"Brand: E[BROOKS]";"(Sportslink) International: S[US]; (Sportslink) Shoe Size: S[6,6.5,7,7.5,8,8.5,9,9.5]";"Brands///Brooks///Women's RUNNING; Brands///Brooks; Women///Footwear///Running; Women///Footwear";"";"A";"http://lostcom.us/sportslinkshop/images/detailed/2/bro120183436_1.jpg";"http://lostcom.us/sportslinkshop/images/detailed/2/bro120183436_1.jpg";"BROOKS W Transcend 2"
"BRO120183802";"en";"1016";"Women";"279.00";"279.00";"0.50";"10";"0";"0";"0.00";"04 Aug 2015 00:00:00";"O";"N";"N";"R";"";"exim/backup/images/bro120183802_1.jpg#{[en]:;}";"BROOKS W Transcend 2";"";"BROOKS W Transcend 2";"BROOKS W Transcend 2";"BROOKS W Transcend 2";"BROOKS W Transcend 2";"GST";"Brand: E[BROOKS]";"(Sportslink) International: S[US]; (Sportslink) Shoe Size: S[6,6.5,7,7.5,8,8.5,9,9.5]";"Brands///Brooks; Brands///Brooks///Women's RUNNING; Women///Footwear; Women///Footwear///Running";"";"A";"http://lostcom.us/sportslinkshop/images/detailed/2/bro120183802_1.jpg";"http://lostcom.us/sportslinkshop/images/detailed/2/bro120183802_1.jpg";"BROOKS W Transcend 2"
"BRO110167024";"en";"1017";"Men";"229.00";"229.00";"0.50";"10";"0";"0";"0.00";"04 Aug 2015 00:00:00";"O";"N";"N";"R";"";"exim/backup/images/bro110167024_1.jpg#{[en]:;}";"BROOKS M Glycerin 12";"";"BROOKS M Glycerin 12";"BROOKS M Glycerin 12";"BROOKS M Glycerin 12";"BROOKS M Glycerin 12";"GST";"Brand: E[BROOKS]";"(Sportslink) International: S[US]; (Sportslink) Shoe Size: S[8,8.5,9,9.5,10,10.5,11]";"Brands///Brooks; Brands///Brooks///Men's RUNNING; Men///Footwear; Men///Footwear///Running";"";"A";"http://lostcom.us/sportslinkshop/images/detailed/2/bro110167024_1.jpg";"http://lostcom.us/sportslinkshop/images/detailed/2/bro110167024_1.jpg";"BROOKS M Glycerin 12"
"BRO110168113";"en";"1018";"Men";"189.00";"189.00";"0.50";"10";"0";"0";"0.00";"04 Aug 2015 00:00:00";"O";"N";"N";"R";"";"exim/backup/images/bro110168113_1.jpg#{[en]:;}";"BROOKS M Ghost 7";"";"BROOKS M Ghost 7";"BROOKS M Ghost 7";"BROOKS M Ghost 7";"BROOKS M Ghost 7";"GST";"Brand: E[BROOKS]";"(Sportslink) International: S[US]; (Sportslink) Shoe Size: S[8,8.5,9,9.5,10,10.5,11]";"Brands///Brooks; Brands///Brooks///Men's RUNNING; Men///Footwear; Men///Footwear///Running";"";"A";"http://lostcom.us/sportslinkshop/images/detailed/2/bro110168113_1.jpg";"http://lostcom.us/sportslinkshop/images/detailed/2/bro110168113_1.jpg";"BROOKS M Ghost 7"
"BRO110181057";"en";"1019";"Men";"199.00";"199.00";"0.50";"10";"0";"0";"0.00";"04 Aug 2015 00:00:00";"O";"N";"N";"R";"";"exim/backup/images/bro110181057_1.jpg#{[en]:;}";"BROOKS M Adrenaline GTS 15 2E Width";"";"BROOKS M Adrenaline GTS 15 2E Width";"BROOKS M Adrenaline GTS 15 2E Width";"BROOKS M Adrenaline GTS 15 2E Width";"BROOKS M Adrenaline GTS 15 2E Width";"GST";"Brand: E[BROOKS]";"(Sportslink) International: S[US]; (Sportslink) Shoe Size: S[8,8.5,9,9.5,10,10.5,11]";"Brands///Brooks; Brands///Brooks///Men's RUNNING; Men///Footwear; Men///Footwear///Running";"";"A";"http://lostcom.us/sportslinkshop/images/detailed/2/bro110181057_1.jpg";"http://lostcom.us/sportslinkshop/images/detailed/2/bro110181057_1.jpg";"BROOKS M Adrenaline GTS 15 2E Width"
"BRO110181168";"en";"1020";"Men";"199.00";"199.00";"0.50";"10";"0";"0";"0.00";"04 Aug 2015 00:00:00";"O";"N";"N";"R";"";"exim/backup/images/bro110181168_1.jpg#{[en]:;}";"BROOKS M Adrenaline GTS 15 2E Width";"";"BROOKS M Adrenaline GTS 15 2E Width";"BROOKS M Adrenaline GTS 15 2E Width";"BROOKS M Adrenaline GTS 15 2E Width";"BROOKS M Adrenaline GTS 15 2E Width";"GST";"Brand: E[BROOKS]";"(Sportslink) International: S[US]; (Sportslink) Shoe Size: S[8,8.5,9,9.5,10,10.5,11]";"Brands///Brooks; Brands///Brooks///Men's RUNNING; Men///Footwear; Men///Footwear///Running";"";"A";"http://lostcom.us/sportslinkshop/images/detailed/2/bro110181168_1.jpg";"http://lostcom.us/sportslinkshop/images/detailed/2/bro110181168_1.jpg";"BROOKS M Adrenaline GTS 15 2E Width"
"BRO110181813";"en";"1021";"Men";"199.00";"199.00";"0.50";"10";"0";"0";"0.00";"04 Aug 2015 00:00:00";"O";"N";"N";"R";"";"exim/backup/images/bro110181813_1.jpg#{[en]:;}";"BROOKS M Adrenaline GTS 15 2E";"";"BROOKS M Adrenaline GTS 15 2E";"BROOKS M Adrenaline GTS 15 2E";"BROOKS M Adrenaline GTS 15 2E";"BROOKS M Adrenaline GTS 15 2E";"GST";"Brand: E[BROOKS]";"(Sportslink) International: S[US]; (Sportslink) Shoe Size: S[8,8.5,9,9.5,10,10.5,11]";"Brands///Brooks; Brands///Brooks///Men's RUNNING; Men///Footwear; Men///Footwear///Running";"";"A";"http://lostcom.us/sportslinkshop/images/detailed/2/bro110181813_1.jpg";"http://lostcom.us/sportslinkshop/images/detailed/2/bro110181813_1.jpg";"BROOKS M Adrenaline GTS 15 2E"
"BRO110182039";"en";"1022";"Men";"199.00";"199.00";"0.50";"10";"0";"0";"0.00";"04 Aug 2015 00:00:00";"O";"N";"N";"R";"";"exim/backup/images/bro110182039_1.jpg#{[en]:;}";"BROOKS M Pure Cadence 4";"";"BROOKS M Pure Cadence 4";"BROOKS M Pure Cadence 4";"BROOKS M Pure Cadence 4";"BROOKS M Pure Cadence 4";"GST";"Brand: E[BROOKS]";"(Sportslink) International: S[US]; (Sportslink) Shoe Size: S[8,8.5,9,9.5,10,10.5,11]";"Brands///Brooks; Brands///Brooks///Men's RUNNING; Men///Footwear; Men///Footwear///Running";"";"A";"http://lostcom.us/sportslinkshop/images/detailed/2/bro110182039_1.jpg";"http://lostcom.us/sportslinkshop/images/detailed/2/bro110182039_1.jpg";"BROOKS M Pure Cadence 4"
"BRO110182629";"en";"1023";"Men";"199.00";"199.00";"0.50";"10";"0";"0";"0.00";"04 Aug 2015 00:00:00";"O";"N";"N";"R";"";"exim/backup/images/bro110182629_1.jpg#{[en]:;}";"BROOKS M Pure Cadence 4";"";"BROOKS M Pure Cadence 4";"BROOKS M Pure Cadence 4";"BROOKS M Pure Cadence 4";"BROOKS M Pure Cadence 4";"GST";"Brand: E[BROOKS]";"(Sportslink) International: S[US]; (Sportslink) Shoe Size: S[8,8.5,9,9.5,10,10.5,11]";"Brands///Brooks; Brands///Brooks///Men's RUNNING; Men///Footwear; Men///Footwear///Running";"";"A";"http://lostcom.us/sportslinkshop/images/detailed/2/bro110182629_1.jpg";"http://lostcom.us/sportslinkshop/images/detailed/2/bro110182629_1.jpg";"BROOKS M Pure Cadence 4"
"BRO110183027";"en";"1024";"Men";"169.00";"169.00";"0.50";"10";"0";"0";"0.00";"04 Aug 2015 00:00:00";"O";"N";"N";"R";"";"exim/backup/images/bro110183027_1.jpg#{[en]:;}";"BROOKS M Pure Cadence 4";"";"BROOKS M Pure Cadence 4";"BROOKS M Pure Cadence 4";"BROOKS M Pure Cadence 4";"BROOKS M Pure Cadence 4";"GST";"Brand: E[BROOKS]";"(Sportslink) International: S[US]; (Sportslink) Shoe Size: S[8,8.5,9,9.5,10,10.5,11]";"Brands///Brooks; Brands///Brooks///Men's RUNNING; Men///Footwear; Men///Footwear///Running";"";"A";"http://lostcom.us/sportslinkshop/images/detailed/2/bro110183027_1.jpg";"http://lostcom.us/sportslinkshop/images/detailed/2/bro110183027_1.jpg";"BROOKS M Pure Cadence 4"
"BRO110183811";"en";"1025";"Men";"169.00";"169.00";"0.50";"10";"0";"0";"0.00";"04 Aug 2015 00:00:00";"O";"N";"N";"R";"";"exim/backup/images/bro110183811_1.jpg#{[en]:;}";"BROOKS M Pure Cadence 4";"";"BROOKS M Pure Cadence 4";"BROOKS M Pure Cadence 4";"BROOKS M Pure Cadence 4";"BROOKS M Pure Cadence 4";"GST";"Brand: E[BROOKS]";"(Sportslink) International: S[US]; (Sportslink) Shoe Size: S[8,8.5,9,9.5,10,10.5,11]";"Brands///Brooks; Brands///Brooks///Men's RUNNING; Men///Footwear; Men///Footwear///Running";"";"A";"http://lostcom.us/sportslinkshop/images/detailed/2/bro110183811_1.jpg";"http://lostcom.us/sportslinkshop/images/detailed/2/bro110183811_1.jpg";"BROOKS M Pure Cadence 4"
"BRO110186146";"en";"1026";"Men";"189.00";"189.00";"0.50";"10";"0";"0";"0.00";"04 Aug 2015 00:00:00";"O";"N";"N";"R";"";"exim/backup/images/bro110186146_1.jpg#{[en]:;}";"BROOKS M Ravenna 6 2E Width";"";"BROOKS M Ravenna 6 2E Width";"BROOKS M Ravenna 6 2E Width";"BROOKS M Ravenna 6 2E Width";"BROOKS M Ravenna 6 2E Width";"GST";"Brand: E[BROOKS]";"(Sportslink) International: S[US]; (Sportslink) Shoe Size: S[8,8.5,9,9.5,10,10.5,11]";"Brands///Brooks; Brands///Brooks///Men's RUNNING; Men///Footwear; Men///Footwear///Running";"";"A";"http://lostcom.us/sportslinkshop/images/detailed/2/bro110186146_1.jpg";"http://lostcom.us/sportslinkshop/images/detailed/2/bro110186146_1.jpg";"BROOKS M Ravenna 6 2E Width"
"BRO110186313";"en";"1027";"Men";"189.00";"189.00";"0.50";"10";"0";"0";"0.00";"04 Aug 2015 00:00:00";"O";"N";"N";"R";"";"exim/backup/images/bro110186313_1.jpg#{[en]:;}";"BROOKS M Ravenna 6 2E";"";"BROOKS M Ravenna 6 2E";"BROOKS M Ravenna 6 2E";"BROOKS M Ravenna 6 2E";"BROOKS M Ravenna 6 2E";"GST";"Brand: E[BROOKS]";"(Sportslink) International: S[US]; (Sportslink) Shoe Size: S[8,8.5,9,9.5,10,10.5,11]";"Brands///Brooks; Brands///Brooks///Men's RUNNING; Men///Footwear; Men///Footwear///Running";"";"A";"http://lostcom.us/sportslinkshop/images/detailed/2/bro110186313_1.jpg";"http://lostcom.us/sportslinkshop/images/detailed/2/bro110186313_1.jpg";"BROOKS M Ravenna 6 2E"
"BRO110186468";"en";"1028";"Men";"189.00";"189.00";"0.50";"10";"0";"0";"0.00";"04 Aug 2015 00:00:00";"O";"N";"N";"R";"";"exim/backup/images/bro110186468_1.jpg#{[en]:;}";"BROOKS M Ravenna 6";"";"BROOKS M Ravenna 6";"BROOKS M Ravenna 6";"BROOKS M Ravenna 6";"BROOKS M Ravenna 6";"GST";"Brand: E[BROOKS]";"(Sportslink) International: S[US]; (Sportslink) Shoe Size: S[8,8.5,9,9.5,10,10.5,11]";"Brands///Brooks; Brands///Brooks///Men's RUNNING; Men///Footwear; Men///Footwear///Running";"";"A";"http://lostcom.us/sportslinkshop/images/detailed/2/bro110186468_1.jpg";"http://lostcom.us/sportslinkshop/images/detailed/2/bro110186468_1.jpg";"BROOKS M Ravenna 6"
"BRO110187413";"en";"1029";"Men";"179.00";"179.00";"0.50";"10";"0";"0";"0.00";"04 Aug 2015 00:00:00";"O";"N";"N";"R";"";"exim/backup/images/bro110187413_1.jpg#{[en]:;}";"BROOKS M Cascadia 10";"";"BROOKS M Cascadia 10";"BROOKS M Cascadia 10";"BROOKS M Cascadia 10";"BROOKS M Cascadia 10";"GST";"Brand: E[BROOKS]";"(Sportslink) International: S[US]; (Sportslink) Shoe Size: S[8,8.5,9,9.5,10,10.5,11]";"Brands///Brooks; Brands///Brooks///Men's RUNNING; Men///Footwear; Men///Footwear///Running";"";"A";"http://lostcom.us/sportslinkshop/images/detailed/2/bro110187413_1.jpg";"http://lostcom.us/sportslinkshop/images/detailed/2/bro110187413_1.jpg";"BROOKS M Cascadia 10"
"BRO110187613";"en";"1030";"Men";"179.00";"179.00";"0.50";"10";"0";"0";"0.00";"04 Aug 2015 00:00:00";"O";"N";"N";"R";"";"exim/backup/images/bro110187613_1.jpg#{[en]:;}";"BROOKS M Cascadia 10";"";"BROOKS M Cascadia 10";"BROOKS M Cascadia 10";"BROOKS M Cascadia 10";"BROOKS M Cascadia 10";"GST";"Brand: E[BROOKS]";"(Sportslink) International: S[US]; (Sportslink) Shoe Size: S[8,8.5,9,9.5,10,10.5,11]";"Brands///Brooks; Brands///Brooks///Men's RUNNING; Men///Footwear; Men///Footwear///Running";"";"A";"http://lostcom.us/sportslinkshop/images/detailed/2/bro110187613_1.jpg";"http://lostcom.us/sportslinkshop/images/detailed/2/bro110187613_1.jpg";"BROOKS M Cascadia 10"
"BRO110188002";"en";"1031";"Men";"169.00";"169.00";"0.50";"10";"0";"0";"0.00";"04 Aug 2015 00:00:00";"O";"N";"N";"R";"";"exim/backup/images/bro110188002_1.jpg#{[en]:;}";"BROOKS M Launch2";"";"BROOKS M Launch2";"BROOKS M Launch2";"BROOKS M Launch2";"BROOKS M Launch2";"GST";"Brand: E[BROOKS]";"(Sportslink) International: S[US]; (Sportslink) Shoe Size: S[8,8.5,9,9.5,10,10.5,11]";"Brands///Brooks; Brands///Brooks///Men's RUNNING; Men///Footwear; Men///Footwear///Running";"";"A";"http://lostcom.us/sportslinkshop/images/detailed/2/bro110188002_1.jpg";"http://lostcom.us/sportslinkshop/images/detailed/2/bro110188002_1.jpg";"BROOKS M Launch2"
"BRO110188702";"en";"1032";"Men";"169.00";"169.00";"0.50";"10";"0";"0";"0.00";"04 Aug 2015 00:00:00";"O";"N";"N";"R";"";"exim/backup/images/bro110188702_1.jpg#{[en]:;}";"BROOKS M Launch2";"";"BROOKS M Launch2";"BROOKS M Launch2";"BROOKS M Launch2";"BROOKS M Launch2";"GST";"Brand: E[BROOKS]";"(Sportslink) International: S[US]; (Sportslink) Shoe Size: S[8,8.5,9,9.5,10,10.5,11]";"Brands///Brooks; Brands///Brooks///Men's RUNNING; Men///Footwear; Men///Footwear///Running";"";"A";"http://lostcom.us/sportslinkshop/images/detailed/2/bro110188702_1.jpg";"http://lostcom.us/sportslinkshop/images/detailed/2/bro110188702_1.jpg";"BROOKS M Launch2"
"BRO110189668";"en";"1033";"Men";"279.00";"279.00";"0.50";"10";"0";"0";"0.00";"04 Aug 2015 00:00:00";"O";"N";"N";"R";"";"exim/backup/images/bro110189668_1.jpg#{[en]:;}";"BROOKS M Transcend 2";"";"BROOKS M Transcend 2";"BROOKS M Transcend 2";"BROOKS M Transcend 2";"BROOKS M Transcend 2";"GST";"Brand: E[BROOKS]";"(Sportslink) International: S[US]; (Sportslink) Shoe Size: S[8,8.5,9,9.5,10,10.5,11]";"Brands///Brooks; Brands///Brooks///Men's RUNNING; Men///Footwear; Men///Footwear///Running";"";"A";"http://lostcom.us/sportslinkshop/images/detailed/2/bro110189668_1.jpg";"http://lostcom.us/sportslinkshop/images/detailed/2/bro110189668_1.jpg";"BROOKS M Transcend 2"
"BRO110189713";"en";"1034";"Men";"279.00";"279.00";"0.50";"10";"0";"0";"0.00";"04 Aug 2015 00:00:00";"O";"N";"N";"R";"";"exim/backup/images/bro110189713_1.jpg#{[en]:;}";"BROOKS M Transcend 2";"";"BROOKS M Transcend 2";"BROOKS M Transcend 2";"BROOKS M Transcend 2";"BROOKS M Transcend 2";"GST";"Brand: E[BROOKS]";"(Sportslink) International: S[US]; (Sportslink) Shoe Size: S[8,8.5,9,9.5,10,10.5,11]";"Brands///Brooks; Brands///Brooks///Men's RUNNING; Men///Footwear; Men///Footwear///Running";"";"A";"http://lostcom.us/sportslinkshop/images/detailed/2/bro110189713_1.jpg";"http://lostcom.us/sportslinkshop/images/detailed/2/bro110189713_1.jpg";"BROOKS M Transcend 2"
"BRO120160646";"en";"1035";"Women";"229.00";"229.00";"0.50";"10";"0";"0";"0.00";"04 Aug 2015 00:00:00";"O";"N";"N";"R";"";"exim/backup/images/bro120160646_1.jpg#{[en]:;}";"BROOKS W Glycerin 12";"";"BROOKS W Glycerin 12";"BROOKS W Glycerin 12";"BROOKS W Glycerin 12";"BROOKS W Glycerin 12";"GST";"Brand: E[BROOKS]";"(Sportslink) International: S[US]; (Sportslink) Shoe Size: S[6,6.5,7,7.5,8,8.5,9,9.5]";"Brands///Brooks; Brands///Brooks///Women's RUNNING; Women///Footwear; Women///Footwear///Running";"";"A";"http://lostcom.us/sportslinkshop/images/detailed/2/bro120160646_1.jpg";"http://lostcom.us/sportslinkshop/images/detailed/2/bro120160646_1.jpg";"BROOKS W Glycerin 12"
"NIK637382009";"en";"1036";"Men";"99.00";"99.00";"0.50";"10";"0";"0";"0.00";"04 Aug 2015 00:00:00";"O";"N";"N";"R";"";"exim/backup/images/nik637382009_1.jpg#{[en]:;}";"NIKE The Overplay VIII";"";"NIKE The Overplay VIII";"NIKE The Overplay VIII";"NIKE The Overplay VIII";"NIKE The Overplay VIII";"GST";"Brand: E[NIKE]";"(Sportslink) International: S[US]; (Sportslink) Shoe Size: S[8,8.5,9,9.5,10,10.5,11]";"Brands///Nike; Brands///Nike///Men's BASKETBALL; Men///Footwear; Men///Footwear///Basketball";"";"A";"http://lostcom.us/sportslinkshop/images/detailed/2/nik637382009_1.jpg";"http://lostcom.us/sportslinkshop/images/detailed/2/nik637382009_1.jpg";"NIKE The Overplay VIII"
"NIK637382400";"en";"1037";"Men";"99.00";"99.00";"0.50";"10";"0";"0";"0.00";"04 Aug 2015 00:00:00";"O";"N";"N";"R";"";"exim/backup/images/nik637382400_1.jpg#{[en]:;}";"NIKE The Overplay VIII";"";"NIKE The Overplay VIII";"NIKE The Overplay VIII";"NIKE The Overplay VIII";"NIKE The Overplay VIII";"GST";"Brand: E[NIKE]";"(Sportslink) International: S[US]; (Sportslink) Shoe Size: S[8,8.5,9,9.5,10,10.5,11]";"Brands///Nike; Brands///Nike///Men's BASKETBALL; Men///Footwear; Men///Footwear///Basketball";"";"A";"http://lostcom.us/sportslinkshop/images/detailed/2/nik637382400_1.jpg";"http://lostcom.us/sportslinkshop/images/detailed/2/nik637382400_1.jpg";"NIKE The Overplay VIII"
"NIK643083302";"en";"1038";"Women";"99.00";"99.00";"0.50";"10";"0";"0";"0.00";"04 Aug 2015 00:00:00";"O";"N";"N";"R";"";"exim/backup/images/nik643083302_1.jpg#{[en]:;}";"NIKE W Flex Trainer 4";"";"NIKE W Flex Trainer 4";"NIKE W Flex Trainer 4";"NIKE W Flex Trainer 4";"NIKE W Flex Trainer 4";"GST";"Brand: E[NIKE]";"(Sportslink) International: S[US]; (Sportslink) Shoe Size: S[6,6.5,7,7.5,8,8.5,9,9.5]";"Brands///Nike; Brands///Nike///Women's WTRAINING; Women///Footwear; Women///Footwear///WTRAINING";"";"A";"http://lostcom.us/sportslinkshop/images/detailed/2/nik643083302_1.jpg";"http://lostcom.us/sportslinkshop/images/detailed/2/nik643083302_1.jpg";"NIKE W Flex Trainer 4"
"NIK652852007";"en";"1039";"Men";"99.00";"99.00";"0.50";"10";"0";"0";"0.00";"04 Aug 2015 00:00:00";"O";"N";"N";"R";"";"exim/backup/images/nik652852007_1.jpg#{[en]:;}";"NIKE Flex Experience RN 3 MSL";"";"NIKE Flex Experience RN 3 MSL";"NIKE Flex Experience RN 3 MSL";"NIKE Flex Experience RN 3 MSL";"NIKE Flex Experience RN 3 MSL";"GST";"Brand: E[NIKE]";"(Sportslink) International: S[US]; (Sportslink) Shoe Size: S[8,8.5,9,9.5,10,10.5,11]";"Brands///Nike; Brands///Nike///Men's RUNNING; Men///Footwear; Men///Footwear///Running";"";"A";"http://lostcom.us/sportslinkshop/images/detailed/2/nik652852007_1.jpg";"http://lostcom.us/sportslinkshop/images/detailed/2/nik652852007_1.jpg";"NIKE Flex Experience RN 3 MSL"
"NIK652852401";"en";"1040";"Men";"99.00";"99.00";"0.50";"10";"0";"0";"0.00";"04 Aug 2015 00:00:00";"O";"N";"N";"R";"";"exim/backup/images/nik652852401_1.jpg#{[en]:;}";"NIKE Flex Experience RN 3 MSL";"";"NIKE Flex Experience RN 3 MSL";"NIKE Flex Experience RN 3 MSL";"NIKE Flex Experience RN 3 MSL";"NIKE Flex Experience RN 3 MSL";"GST";"Brand: E[NIKE]";"(Sportslink) International: S[US]; (Sportslink) Shoe Size: S[8,8.5,9,9.5,10,10.5,11]";"Brands///Nike; Brands///Nike///Men's RUNNING; Men///Footwear; Men///Footwear///Running";"";"A";"http://lostcom.us/sportslinkshop/images/detailed/2/nik652852401_1.jpg";"http://lostcom.us/sportslinkshop/images/detailed/2/nik652852401_1.jpg";"NIKE Flex Experience RN 3 MSL"
"NIK652858300";"en";"1041";"Women";"99.00";"99.00";"0.50";"10";"0";"0";"0.00";"04 Aug 2015 00:00:00";"O";"N";"N";"R";"";"exim/backup/images/nik652858300_1.jpg#{[en]:;}";"NIKE W Flx Experience Rn 3 MSL";"";"NIKE W Flx Experience Rn 3 MSL";"NIKE W Flx Experience Rn 3 MSL";"NIKE W Flx Experience Rn 3 MSL";"NIKE W Flx Experience Rn 3 MSL";"GST";"Brand: E[NIKE]";"(Sportslink) International: S[US]; (Sportslink) Shoe Size: S[6,6.5,7,7.5,8,8.5,9,9.5]";"Brands///Nike; Brands///Nike///Women's RUNNING; Women///Footwear; Women///Footwear///Running";"";"A";"http://lostcom.us/sportslinkshop/images/detailed/2/nik652858300_1.jpg";"http://lostcom.us/sportslinkshop/images/detailed/2/nik652858300_1.jpg";"NIKE W Flx Experience Rn 3 MSL"
"NIK652858601";"en";"1042";"Women";"99.00";"99.00";"0.50";"10";"0";"0";"0.00";"04 Aug 2015 00:00:00";"O";"N";"N";"R";"";"exim/backup/images/nik652858601_1.jpg#{[en]:;}";"NIKE W Flx Experience Rn 3 MSL";"";"NIKE W Flx Experience Rn 3 MSL";"NIKE W Flx Experience Rn 3 MSL";"NIKE W Flx Experience Rn 3 MSL";"NIKE W Flx Experience Rn 3 MSL";"GST";"Brand: E[NIKE]";"(Sportslink) International: S[US]; (Sportslink) Shoe Size: S[6,6.5,7,7.5,8,8.5,9,9.5]";"Brands///Nike; Brands///Nike///Women's RUNNING; Women///Footwear; Women///Footwear///Running";"";"A";"http://lostcom.us/sportslinkshop/images/detailed/2/nik652858601_1.jpg";"http://lostcom.us/sportslinkshop/images/detailed/2/nik652858601_1.jpg";"NIKE W Flx Experience Rn 3 MSL"
"NIK684658002";"en";"1043";"Men";"89.00";"89.00";"0.50";"10";"0";"0";"0.00";"04 Aug 2015 00:00:00";"O";"N";"N";"R";"";"exim/backup/images/nik684658002_1.jpg#{[en]:;}";"NIKE Downshifter 6 MSL";"";"NIKE Downshifter 6 MSL";"NIKE Downshifter 6 MSL";"NIKE Downshifter 6 MSL";"NIKE Downshifter 6 MSL";"GST";"Brand: E[NIKE]";"(Sportslink) International: S[US]; (Sportslink) Shoe Size: S[8,8.5,9,9.5,10,10.5,11]";"Brands///Nike; Brands///Nike///Men's RUNNING; Men///Footwear; Men///Footwear///Running";"";"A";"http://lostcom.us/sportslinkshop/images/detailed/2/nik684658002_1.jpg";"http://lostcom.us/sportslinkshop/images/detailed/2/nik684658002_1.jpg";"NIKE Downshifter 6 MSL"
"NIK684658100";"en";"1044";"Men";"89.00";"89.00";"0.50";"10";"0";"0";"0.00";"04 Aug 2015 00:00:00";"O";"N";"N";"R";"";"exim/backup/images/nik684658100_1.jpg#{[en]:;}";"NIKE Downshifter 6 MSL";"";"NIKE Downshifter 6 MSL";"NIKE Downshifter 6 MSL";"NIKE Downshifter 6 MSL";"NIKE Downshifter 6 MSL";"GST";"Brand: E[NIKE]";"(Sportslink) International: S[US]; (Sportslink) Shoe Size: S[8,8.5,9,9.5,10,10.5,11]";"Brands///Nike; Brands///Nike///Men's RUNNING; Men///Footwear; Men///Footwear///Running";"";"A";"http://lostcom.us/sportslinkshop/images/detailed/2/nik684658100_1.jpg";"http://lostcom.us/sportslinkshop/images/detailed/2/nik684658100_1.jpg";"NIKE Downshifter 6 MSL"
"NIK684771002";"en";"1045";"Women";"89.00";"89.00";"0.50";"10";"0";"0";"0.00";"04 Aug 2015 00:00:00";"O";"N";"N";"R";"";"exim/backup/images/nik684771002_1.jpg#{[en]:;}";"NIKE W Downshifter 6 MSL";"";"NIKE W Downshifter 6 MSL";"NIKE W Downshifter 6 MSL";"NIKE W Downshifter 6 MSL";"NIKE W Downshifter 6 MSL";"GST";"Brand: E[NIKE]";"(Sportslink) International: S[US]; (Sportslink) Shoe Size: S[6,6.5,7,7.5,8,8.5,9,9.5]";"Brands///Nike; Brands///Nike///Women's RUNNING; Women///Footwear; Women///Footwear///Running";"";"A";"http://lostcom.us/sportslinkshop/images/detailed/2/nik684771002_1.jpg";"http://lostcom.us/sportslinkshop/images/detailed/2/nik684771002_1.jpg";"NIKE W Downshifter 6 MSL"
"NIK684771102";"en";"1046";"Women";"89.00";"89.00";"0.50";"10";"0";"0";"0.00";"04 Aug 2015 00:00:00";"O";"N";"N";"R";"";"exim/backup/images/nik684771102_1.jpg#{[en]:;}";"NIKE W Air Downshifter 6 MSL";"";"NIKE W Air Downshifter 6 MSL";"NIKE W Air Downshifter 6 MSL";"NIKE W Air Downshifter 6 MSL";"NIKE W Air Downshifter 6 MSL";"GST";"Brand: E[NIKE]";"(Sportslink) International: S[US]; (Sportslink) Shoe Size: S[6,6.5,7,7.5,8,8.5,9,9.5]";"Brands///Nike; Brands///Nike///Women's RUNNING; Women///Footwear; Women///Footwear///Running";"";"A";"http://lostcom.us/sportslinkshop/images/detailed/2/nik684771102_1.jpg";"http://lostcom.us/sportslinkshop/images/detailed/2/nik684771102_1.jpg";"NIKE W Air Downshifter 6 MSL"
"NIK685139002";"en";"1047";"Men";"99.00";"99.00";"0.50";"10";"0";"0";"0.00";"04 Aug 2015 00:00:00";"O";"N";"N";"R";"";"exim/backup/images/nik685139002_1.jpg#{[en]:;}";"NIKE Air Relentless 4 MSL";"";"NIKE Air Relentless 4 MSL";"NIKE Air Relentless 4 MSL";"NIKE Air Relentless 4 MSL";"NIKE Air Relentless 4 MSL";"GST";"Brand: E[NIKE]";"(Sportslink) International: S[US]; (Sportslink) Shoe Size: S[8,8.5,9,9.5,10,10.5,11]";"Brands///Nike; Brands///Nike///Men's RUNNING; Men///Footwear; Men///Footwear///Running";"";"A";"http://lostcom.us/sportslinkshop/images/detailed/2/nik685139002_1.jpg";"http://lostcom.us/sportslinkshop/images/detailed/2/nik685139002_1.jpg";"NIKE Air Relentless 4 MSL"
"NIK685139003";"en";"1048";"Men";"99.00";"99.00";"0.50";"10";"0";"0";"0.00";"04 Aug 2015 00:00:00";"O";"N";"N";"R";"";"exim/backup/images/nik685139003_1.jpg#{[en]:;}";"NIKE Air Relentless 4 MSL";"";"NIKE Air Relentless 4 MSL";"NIKE Air Relentless 4 MSL";"NIKE Air Relentless 4 MSL";"NIKE Air Relentless 4 MSL";"GST";"Brand: E[NIKE]";"(Sportslink) International: S[US]; (Sportslink) Shoe Size: S[8,8.5,9,9.5,10,10.5,11]";"Brands///Nike; Brands///Nike///Men's RUNNING; Men///Footwear; Men///Footwear///Running";"";"A";"http://lostcom.us/sportslinkshop/images/detailed/2/nik685139003_1.jpg";"http://lostcom.us/sportslinkshop/images/detailed/2/nik685139003_1.jpg";"NIKE Air Relentless 4 MSL"
"NIK685139005";"en";"1049";"Men";"99.00";"99.00";"0.50";"10";"0";"0";"0.00";"04 Aug 2015 00:00:00";"O";"N";"N";"R";"";"exim/backup/images/nik685139005_1.jpg#{[en]:;}";"NIKE Air Relentless 4 MSL";"";"NIKE Air Relentless 4 MSL";"NIKE Air Relentless 4 MSL";"NIKE Air Relentless 4 MSL";"NIKE Air Relentless 4 MSL";"GST";"Brand: E[NIKE]";"(Sportslink) International: S[US]; (Sportslink) Shoe Size: S[8,8.5,9,9.5,10,10.5,11]";"Brands///Nike; Brands///Nike///Men's RUNNING; Men///Footwear; Men///Footwear///Running";"";"A";"http://lostcom.us/sportslinkshop/images/detailed/2/nik685139005_1.jpg";"http://lostcom.us/sportslinkshop/images/detailed/2/nik685139005_1.jpg";"NIKE Air Relentless 4 MSL"
"NIK685152003";"en";"1050";"Women";"99.00";"99.00";"0.50";"10";"0";"0";"0.00";"04 Aug 2015 00:00:00";"O";"N";"N";"R";"";"exim/backup/images/nik685152003_1.jpg#{[en]:;}";"NIKE W Air Relentless 4 MSL";"";"NIKE W Air Relentless 4 MSL";"NIKE W Air Relentless 4 MSL";"NIKE W Air Relentless 4 MSL";"NIKE W Air Relentless 4 MSL";"GST";"Brand: E[NIKE]";"(Sportslink) International: S[US]; (Sportslink) Shoe Size: S[6,6.5,7,7.5,8,8.5,9,9.5]";"Brands///Nike; Brands///Nike///Women's RUNNING; Women///Footwear; Women///Footwear///Running";"";"A";"http://lostcom.us/sportslinkshop/images/detailed/2/nik685152003_1.jpg";"http://lostcom.us/sportslinkshop/images/detailed/2/nik685152003_1.jpg";"NIKE W Air Relentless 4 MSL"
"NIK685152500";"en";"1051";"Women";"99.00";"99.00";"0.50";"10";"0";"0";"0.00";"04 Aug 2015 00:00:00";"O";"N";"N";"R";"";"exim/backup/images/nik685152500_1.jpg#{[en]:;}";"NIKE W Air Relentless 4 MSL";"";"NIKE W Air Relentless 4 MSL";"NIKE W Air Relentless 4 MSL";"NIKE W Air Relentless 4 MSL";"NIKE W Air Relentless 4 MSL";"GST";"Brand: E[NIKE]";"(Sportslink) International: S[US]; (Sportslink) Shoe Size: S[6,6.5,7,7.5,8,8.5,9,9.5]";"Brands///Nike; Brands///Nike///Women's RUNNING; Women///Footwear; Women///Footwear///Running";"";"A";"http://lostcom.us/sportslinkshop/images/detailed/2/nik685152500_1.jpg";"http://lostcom.us/sportslinkshop/images/detailed/2/nik685152500_1.jpg";"NIKE W Air Relentless 4 MSL"
"NIK685152600";"en";"1052";"Women";"99.00";"99.00";"0.50";"10";"0";"0";"0.00";"04 Aug 2015 00:00:00";"O";"N";"N";"R";"";"exim/backup/images/nik685152600_1.jpg#{[en]:;}";"NIKE W Air Relentless 4 MSL";"";"NIKE W Air Relentless 4 MSL";"NIKE W Air Relentless 4 MSL";"NIKE W Air Relentless 4 MSL";"NIKE W Air Relentless 4 MSL";"GST";"Brand: E[NIKE]";"(Sportslink) International: S[US]; (Sportslink) Shoe Size: S[6,6.5,7,7.5,8,8.5,9,9.5]";"Brands///Nike; Brands///Nike///Women's RUNNING; Women///Footwear; Women///Footwear///Running";"";"A";"http://lostcom.us/sportslinkshop/images/detailed/2/nik685152600_1.jpg";"http://lostcom.us/sportslinkshop/images/detailed/2/nik685152600_1.jpg";"NIKE W Air Relentless 4 MSL"
"ASIHN2018001";"en";"1053";"Men";"129.00";"129.00";"0.50";"10";"0";"0";"0.00";"04 Aug 2015 00:00:00";"O";"N";"N";"R";"";"exim/backup/images/asihn2018001_1.jpg#{[en]:;}";"ONITSUKA TIGER Ultimate 81";"";"ONITSUKA TIGER Ultimate 81";"ONITSUKA TIGER Ultimate 81";"ONITSUKA TIGER Ultimate 81";"ONITSUKA TIGER Ultimate 81";"GST";"Brand: E[ONITSUKA TIGER]";"(Sportslink) International: S[US]; (Sportslink) Shoe Size: S[8,8.5,9,9.5,10,10.5,11]";"Brands///Onitsuka Tiger; Brands///Onitsuka Tiger///Men's LIFESTYLE; Men///Footwear; Men///Footwear///Lifestyle";"";"A";"http://lostcom.us/sportslinkshop/images/detailed/2/asihn2018001_1.jpg";"http://lostcom.us/sportslinkshop/images/detailed/2/asihn2018001_1.jpg";"ONITSUKA TIGER Ultimate 81"
"ASITHL2020146";"en";"1054";"Men";"159.00";"159.00";"0.50";"10";"0";"0";"0.00";"04 Aug 2015 00:00:00";"O";"N";"N";"R";"";"exim/backup/images/asithl2020146_1.jpg#{[en]:;}";"ONITSUKA TIGER Mexico 66";"<p>The iconic Mexico 66 was born in 1966 and debuted at the 1968 Olympic games pre-trials in Mexico with a premium white leather, stitched with red and blue tiger stripes. Today, the classic runner has been reawakened and remains to be the most popular shoe in the Onitsuka Tiger collection. Since its revival, the heritage racer gets the full-grain leather treatment on the side panels and tiger stripes, while the heel and toecap are finished off with a smooth suede, accompanied by a natural leather heel tab, branded with the Onitsuka Tiger emblem.</p>";"ONITSUKA TIGER Mexico 66";"ONITSUKA TIGER Mexico 66";"ONITSUKA TIGER Mexico 66";"ONITSUKA TIGER Mexico 66";"GST";"Brand: E[ONITSUKA TIGER]";"(Sportslink) International: S[JPN]; (Sportslink) Shoe Size: S[22.5,23,23.5,24,24.5,25,25.5,26,26.5,27]";"Brands///Onitsuka Tiger; Brands///Onitsuka Tiger///Men's LIFESTYLE; Men///Footwear; Men///Footwear///Lifestyle";"";"A";"http://lostcom.us/sportslinkshop/images/detailed/2/asithl2020146_1.jpg";"http://lostcom.us/sportslinkshop/images/detailed/2/asithl2020146_1.jpg";"ONITSUKA TIGER Mexico 66"
"ASITHL3009099";"en";"1055";"Men";"169.00";"169.00";"0.50";"10";"0";"0";"0.00";"04 Aug 2015 00:00:00";"O";"N";"N";"R";"";"exim/backup/images/asithl3009099_1.jpg#{[en]:;}";"ONITSUKA TIGER Tiger Corsair Vin";"";"ONITSUKA TIGER Tiger Corsair Vin";"ONITSUKA TIGER Tiger Corsair Vin";"ONITSUKA TIGER Tiger Corsair Vin";"ONITSUKA TIGER Tiger Corsair Vin";"GST";"Brand: E[ONITSUKA TIGER]";"(Sportslink) International: S[JPN]; (Sportslink) Shoe Size: S[22.5,23,23.5,24,24.5,25,25.5,26,26.5,27]";"Brands///Onitsuka Tiger; Brands///Onitsuka Tiger///Men's LIFESTYLE; Men///Footwear; Men///Footwear///Lifestyle";"";"A";"http://lostcom.us/sportslinkshop/images/detailed/2/asithl3009099_1.jpg";"http://lostcom.us/sportslinkshop/images/detailed/2/asithl3009099_1.jpg";"ONITSUKA TIGER Tiger Corsair Vin"
"ASITHL7C22301";"en";"1056";"Men";"159.00";"159.00";"0.50";"10";"0";"0";"0.00";"04 Aug 2015 00:00:00";"O";"N";"N";"R";"";"exim/backup/images/asithl7c22301_1.jpg#{[en]:;}";"ONITSUKA TIGER Mexico 66";"<p>The iconic Mexico 66 was born in 1966 and debuted at the 1968 Olympic games pre-trials in Mexico with a premium white leather, stitched with red and blue tiger stripes. Today, the classic runner has been reawakened and remains to be the most popular shoe in the Onitsuka Tiger collection. Since its revival, the heritage racer gets the full-grain leather treatment on the side panels and tiger stripes, while the heel and toecap are finished off with a smooth suede, accompanied by a natural leather heel tab, branded with the Onitsuka Tiger emblem.</p>";"ONITSUKA TIGER Mexico 66";"ONITSUKA TIGER Mexico 66";"ONITSUKA TIGER Mexico 66";"ONITSUKA TIGER Mexico 66";"GST";"Brand: E[ONITSUKA TIGER]";"(Sportslink) International: S[JPN]; (Sportslink) Shoe Size: S[22.5,23,23.5,24,24.5,25,25.5,26,26.5,27]";"Brands///Onitsuka Tiger; Brands///Onitsuka Tiger///Men's LIFESTYLE; Men///Footwear; Men///Footwear///Lifestyle";"";"A";"http://lostcom.us/sportslinkshop/images/detailed/2/asithl7c22301_1.jpg";"http://lostcom.us/sportslinkshop/images/detailed/2/asithl7c22301_1.jpg";"ONITSUKA TIGER Mexico 66"
"ASITH109L1899";"en";"1057";"Men";"119.00";"119.00";"0.50";"10";"0";"0";"0.00";"04 Aug 2015 00:00:00";"O";"N";"N";"R";"";"exim/backup/images/asith109l1899_1.jpg#{[en]:;}";"ONITSUKA TIGER Serrano";"<p>Inspired by the revolutionary track spikes of the 1970's, the Serrano&trade; carries on the racing tradition of Onitsuka Tiger® - The Champion of Sport Shoes.</p>";"ONITSUKA TIGER Serrano";"ONITSUKA TIGER Serrano";"ONITSUKA TIGER Serrano";"ONITSUKA TIGER Serrano";"GST";"Brand: E[ONITSUKA TIGER]";"(Sportslink) International: S[JPN]; (Sportslink) Shoe Size: S[22.5,23,23.5,24,24.5,25,25.5,26,26.5,27]";"Brands///Onitsuka Tiger; Brands///Onitsuka Tiger///Men's LIFESTYLE; Men///Footwear; Men///Footwear///Lifestyle";"";"A";"http://lostcom.us/sportslinkshop/images/detailed/2/asith109l1899_1.jpg";"http://lostcom.us/sportslinkshop/images/detailed/2/asith109l1899_1.jpg";"ONITSUKA TIGER Serrano"
